container_id,_dwell_cluster
MAEU6859855,fast
MSKU8127155,normal
CCLU6732877,extended
ZIMU6856600,fast
KKFU4303300,normal
MSKU4801422,extended
EGHU4014744,chronic
ZCSU7821255,normal
MSKU5018011,normal
MSKU4074633,normal
EISU4470600,normal
MSKU9161299,normal
ONEU5396377,normal
MRSU4616144,fast
HLCU1352044,extended
MSCU2067488,extended
EISU2868366,normal
ONEU1151211,fast
HLXU2103288,normal
MRKU2536222,overstay
MEDU8382899,normal
MRKU9953055,extended
MRSU9333866,normal
EGHU8103588,chronic
HLCU2890000,overstay
ONEU5408600,normal
ONEU8378877,chronic
ZCSU4956944,normal
CGMU7081277,extended
ONEU2432200,normal
EGHU3804800,fast
MRSU5839722,normal
COSU6722011,fast
MRKU1797844,fast
MSKU3154711,extended
CGMU9168433,overstay
CMAU3046166,normal
MRSU6251966,chronic
HLXU7865133,normal
COSU1047088,normal
MSCU1336066,overstay
HMMU7324866,chronic
ONEU1481088,fast
CCLU4233099,normal
MSKU5393522,normal
MSKU3019100,normal
HMMU7408766,overstay
HDMU8858177,normal
MSKU7263811,extended
MEDU6760688,overstay
HLCU7079266,extended
MSKU3376044,extended
CCLU1880800,normal
ZIMU1973133,normal
KKFU9625233,normal
MEDU1021855,normal
HLXU6550500,normal
MSKU8271633,normal
EISU6752911,normal
MAEU1278755,normal
MAEU2847533,overstay
EGHU2735400,normal
EISU2882066,normal
MEDU6894299,normal
MSCU7871599,extended
COSU5373499,normal
HLCU9406155,fast
HLXU2665577,fast
ZIMU4890866,normal
KKFU9863833,chronic
MSKU8575799,normal
EGHU9336833,normal
KKFU2202600,normal
MAEU1101988,fast
MRKU2098922,fast
EGHU6633455,normal
MSCU8405022,normal
HLXU9336255,normal
MEDU6333577,chronic
MSKU9857133,fast
HLXU2443755,normal
MSKU3840877,normal
KKFU8579666,normal
MRSU1661388,normal
MSKU7332599,normal
COSU9100644,normal
HLXU3924011,extended
MSKU8684099,normal
MSKU9506411,extended
CCLU6254899,extended
ZIMU6461088,normal
EISU1032600,extended
COSU6703399,normal
CMAU1175033,extended
CCLU9993588,normal
MSCU1090733,normal
HLCU9204922,normal
MSCU7379844,fast
HDMU4449822,normal
HMMU6684599,normal
HMMU1133166,extended
HLXU1845900,overstay
ZCSU6827244,normal
MRSU8022488,overstay
ZIMU1076144,normal
EGHU9741922,chronic
ZCSU1818488,normal
EGHU6563888,extended
MRSU4426477,extended
ZCSU6023422,normal
HLXU9006388,chronic
MEDU9182322,normal
ZIMU3999366,normal
HLXU4262066,overstay
EISU3383511,normal
MSKU9105311,normal
HLXU8472722,normal
EISU4636644,fast
COSU7749233,normal
ZIMU3774788,overstay
COSU6975900,normal
CGMU4381955,normal
CMAU3138588,normal
EISU3140966,normal
EGHU2534899,overstay
CCLU7003377,fast
COSU5537199,normal
EISU5748000,fast
MSKU7103633,normal
MAEU1321322,overstay
MAEU5110211,normal
MRSU7649388,extended
COSU8705544,fast
MSKU8210077,normal
HDMU2382155,normal
MRKU2856955,normal
MRSU9005311,fast
MEDU7201911,normal
HMMU3849999,extended
ZCSU5120577,normal
MSKU6111377,fast
HDMU3579955,normal
EGHU2450955,extended
MRSU2271944,normal
MAEU3419933,normal
MSCU6768722,overstay
ZCSU3097188,normal
MSKU2111122,extended
HLCU1975611,normal
CCLU7364099,normal
MEDU2901344,normal
MRKU9084677,normal
MSKU8916655,extended
COSU5354077,normal
EGHU6745766,extended
MEDU8638266,normal
HLCU9141144,normal
MSKU6562277,extended
HLCU9610077,extended
ZCSU1855255,extended
ONEU1827466,extended
CGMU6359922,extended
MSKU9261399,extended
CMAU2808699,overstay
HDMU8069155,fast
MSKU4784522,normal
MSCU4019722,normal
ZCSU9931000,extended
EISU8225499,normal
EISU9445588,normal
EISU9133666,normal
EGHU5638000,extended
ZIMU6199188,extended
MSKU2462411,normal
HLXU7555788,extended
HLXU7367488,normal
HLXU3282255,overstay
MRSU2463855,fast
COSU5934122,extended
MAEU4628177,overstay
HMMU7040311,overstay
HMMU6106699,normal
HLXU5855377,normal
ZIMU8076011,normal
MSKU4828733,extended
MAEU7744077,normal
MSCU7602333,extended
ZCSU8664088,fast
HMMU8510733,fast
CCLU1136300,extended
CCLU1552955,normal
ZCSU7309300,normal
HDMU4807322,normal
HDMU8355955,overstay
MAEU8245111,extended
ZIMU2942600,normal
CMAU5514322,normal
EISU8785855,normal
MRSU7591400,normal
CCLU7021622,fast
CGMU1225899,normal
MSKU3628899,overstay
ZIMU5910299,normal
ONEU5506655,normal
MRKU5085422,extended
MAEU3769944,overstay
MEDU9389011,normal
ZCSU1075099,overstay
ONEU9813266,normal
COSU6466855,normal
CMAU4602644,normal
CCLU5005222,normal
MRSU3240177,extended
EGHU7570655,normal
MRSU7067433,normal
EISU3589111,fast
MSCU5765311,normal
HMMU3290000,chronic
MRKU7642122,overstay
MRSU8014677,normal
ZCSU6827244,extended
CGMU6146555,extended
MRSU3923500,normal
MSCU5980122,normal
EISU3977044,normal
CCLU9993588,normal
ZCSU7468522,extended
MSKU9874699,normal
MRSU2618111,overstay
HMMU3617033,normal
COSU5718711,normal
HLCU3841977,fast
HLXU1153588,normal
HLCU4742233,overstay
HMMU9501699,fast
CMAU8403377,normal
EISU7805877,fast
COSU2761566,extended
ONEU1171544,fast
CGMU2569211,normal
KKFU4410544,overstay
EGHU9302344,extended
CCLU4622288,fast
ZCSU7826288,normal
MRKU9692533,extended
HLXU7890477,normal
MSKU9267311,overstay
MAEU1220677,normal
HDMU3939777,normal
MRSU2909133,normal
HDMU9123100,normal
HLCU2911666,extended
MRSU2655766,overstay
ONEU2964155,fast
CMAU6065544,extended
ZIMU5183788,extended
ZIMU5084122,extended
MSCU5917533,fast
MEDU3628088,normal
HMMU3669733,fast
ONEU7479800,extended
HDMU3027844,normal
HLCU2493755,normal
MAEU7554155,normal
MSKU9539511,normal
MAEU7765711,normal
HLXU9599022,normal
MSCU4998699,normal
MSCU8114488,normal
MRSU1696333,fast
ZCSU5011244,extended
MSCU5003300,normal
ZCSU9583144,normal
MRSU3770955,extended
KKFU3050699,extended
HLCU5290799,extended
MEDU5125133,fast
MSKU2900333,normal
MEDU6394855,normal
MSCU8252511,normal
MEDU1520811,overstay
CCLU3949477,normal
ONEU1577955,normal
MAEU2301277,normal
HLXU4536588,normal
MRKU6813533,normal
MSCU3100311,overstay
CGMU7328711,normal
KKFU6694888,normal
HLCU6072877,normal
HDMU3027844,normal
CCLU1830244,normal
HLXU4572677,fast
ONEU8354288,normal
EISU6409222,normal
HDMU7443522,fast
MRKU3877533,normal
ONEU3589288,normal
ZCSU3856022,extended
CMAU9403677,normal
ZCSU7951766,normal
HMMU2536677,extended
CGMU3372711,extended
HMMU1251333,overstay
MEDU9358077,normal
ONEU8800477,fast
MAEU4207199,normal
MAEU3120188,extended
HLXU5077977,fast
EGHU4023800,normal
HLXU4481955,extended
KKFU5906122,extended
HDMU4236488,fast
CGMU6989811,extended
CMAU3740655,normal
HLCU5423866,normal
MSKU9973700,normal
EGHU7292988,normal
CMAU2776799,normal
EGHU7659744,normal
CGMU7868233,normal
HMMU7954066,normal
KKFU8009499,overstay
HDMU2873566,normal
HMMU9055133,overstay
ONEU9002944,extended
MAEU8350255,normal
CGMU9394799,extended
ZCSU3111599,normal
KKFU5651611,normal
ZCSU6996100,normal
MSKU1839733,fast
HDMU3731599,normal
HMMU7217333,overstay
ONEU9141522,chronic
HDMU4460177,fast
MSCU5154922,normal
HLXU2191988,normal
COSU6751555,fast
MSKU8377755,fast
COSU8715911,normal
MSKU7600166,overstay
HMMU3056933,normal
MRKU3156466,normal
HMMU4619833,normal
HMMU4418022,extended
HLCU4720177,overstay
CMAU8403377,normal
EISU2925944,extended
MRKU7648022,fast
CCLU4794766,fast
CMAU8525477,extended
MRSU6653022,overstay
MRSU4872899,extended
CCLU2764255,normal
EISU1416011,normal
EGHU9828411,fast
ZCSU4935466,normal
CMAU8611100,normal
MRKU3538222,extended
HLXU9479644,normal
HLCU7320244,fast
CGMU2988966,normal
COSU7555022,extended
MRKU8391255,fast
EGHU9893999,chronic
CMAU1829999,chronic
CMAU4909100,extended
MRSU8582677,normal
CMAU1285800,normal
CGMU8919366,normal
EGHU6612655,normal
MAEU8753677,normal
MSKU3861288,normal
EGHU3070555,normal
HLCU7829500,normal
MSKU4613422,normal
MAEU6861033,extended
CMAU2653288,normal
KKFU9401811,extended
HDMU4482955,normal
HDMU4223688,extended
KKFU2061333,extended
EISU3473522,normal
HDMU4575800,overstay
EISU3343600,fast
EISU7843844,extended
CCLU7281000,normal
MSKU3236622,overstay
ONEU6588922,extended
HLXU5414200,normal
CCLU8857899,fast
MAEU6645477,normal
MSKU6482722,normal
KKFU5358166,fast
MSKU7234766,extended
MSCU4705166,extended
CMAU8324544,normal
EGHU2403666,normal
MEDU6265488,normal
HLCU9688688,normal
CCLU4123666,normal
MSCU7196555,normal
HDMU8332244,fast
MSKU6619055,overstay
HDMU9846944,fast
EISU2317044,overstay
CCLU9345544,normal
EISU5227555,extended
EGHU4964599,normal
ONEU5162288,extended
EGHU4332644,chronic
ZCSU3597455,normal
MSCU3266288,normal
CMAU6659522,normal
MSCU4194766,extended
MRKU9687399,normal
MEDU1587999,normal
MSCU5487288,overstay
CCLU7103855,extended
KKFU9986288,normal
MSKU8585477,extended
HDMU6214466,normal
HLXU3049599,normal
KKFU2314311,overstay
MRKU2864766,fast
EISU8280266,extended
EISU1408266,normal
CGMU5744300,normal
HDMU8523333,normal
MAEU1177833,normal
ZCSU2832888,extended
HDMU4181399,normal
ONEU2178988,normal
ONEU9363877,normal
MEDU3592766,extended
ZIMU4927633,normal
CCLU2271500,normal
ZIMU9724422,normal
HLXU6316555,normal
MSCU6876099,overstay
MEDU9932411,normal
MEDU3201777,normal
ZCSU4756999,normal
MAEU7395511,extended
CMAU8842600,normal
MRKU3487244,normal
MRSU3507200,normal
MSKU4361566,chronic
ZCSU7254144,normal
ZCSU7000000,normal
ZCSU6190122,fast
EISU7860844,normal
MRSU9333522,fast
ZIMU2034233,fast
COSU8080700,normal
MEDU5477599,fast
HDMU2091088,fast
MSKU3773277,normal
MSKU8916655,extended
MSCU7520055,extended
MSKU1365300,normal
EGHU6422666,normal
HLCU4178255,extended
COSU1495699,normal
CMAU4816399,extended
MEDU6474133,extended
EGHU9231177,normal
MAEU6607299,overstay
COSU3904699,extended
ONEU7433833,chronic
CGMU7200199,normal
COSU5847511,chronic
KKFU3915888,extended
ZCSU2832888,normal
CMAU2178711,extended
ZCSU3953455,normal
CGMU9411677,extended
KKFU9612211,chronic
MRKU2098922,normal
MSCU3721944,fast
HDMU6469744,normal
HDMU3638199,normal
CGMU5005200,normal
HLCU2589466,extended
MAEU7865488,extended
CMAU1938355,extended
EGHU2348755,extended
COSU5810177,normal
CCLU2679566,fast
CCLU2729899,fast
HMMU1517433,normal
KKFU8520766,extended
EGHU3348599,fast
MSCU5068055,extended
MSKU3637722,normal
HLXU9734877,overstay
MRKU2211499,extended
MRKU9981744,extended
MEDU4492799,extended
KKFU8287499,normal
ZCSU9340844,normal
ZCSU2673555,normal
ONEU6275933,normal
MSKU1316677,normal
MEDU2830399,normal
MAEU5389988,extended
MAEU1657399,normal
EGHU9796499,fast
ONEU9980755,normal
KKFU6964633,extended
MRSU7574133,overstay
ZCSU5237055,overstay
HLCU4602211,normal
MRKU2124600,normal
MAEU3913855,fast
HLXU4752544,fast
HLXU8746388,fast
CGMU4394244,overstay
CGMU1586399,overstay
MSCU1070299,normal
HLCU1164066,overstay
HLXU8449722,normal
MRSU8972944,extended
MRKU7507988,extended
EGHU6401766,normal
CCLU9105422,fast
ZIMU7343077,extended
MAEU5782966,normal
HDMU5826455,normal
EISU4920433,normal
ZIMU8951566,extended
KKFU9752444,fast
MSKU7444200,fast
ONEU9448388,extended
MAEU4862977,normal
MRSU4891277,normal
HLCU6141977,fast
COSU1240411,normal
HLCU5617877,extended
ONEU3390599,extended
KKFU6803911,normal
MAEU7518777,normal
MAEU5223344,extended
ONEU1381077,normal
MSKU8885299,normal
MEDU4530466,overstay
MSKU9591599,extended
MSCU2433655,normal
CCLU5543733,normal
KKFU2795966,normal
CGMU8027255,fast
CMAU7397799,normal
CCLU2439288,normal
CGMU3970088,fast
MRKU6296466,normal
MRSU8140100,extended
HLCU8945488,normal
HLCU5742622,fast
ONEU1191200,normal
MRSU3245755,normal
HLCU1827366,normal
EISU5240744,fast
HLCU3204900,normal
HDMU4271855,normal
MSKU2267088,fast
ZCSU3878600,fast
EISU2221744,overstay
MRSU3516566,extended
MSKU5716466,chronic
MRKU1112911,normal
MAEU3472888,normal
ONEU2108911,normal
HMMU8475177,normal
CGMU8993666,extended
EGHU3873500,normal
HDMU3421188,overstay
HMMU3761088,extended
EISU8511100,normal
MSKU4192800,normal
MRKU4530277,normal
EISU6144800,normal
CMAU2095233,extended
EGHU1918944,chronic
MRSU1256500,normal
ZIMU1859933,normal
HLCU6533300,normal
KKFU8956888,normal
MEDU7619522,overstay
ZCSU8473188,extended
MAEU4070522,fast
MSKU1539533,normal
MSCU3059822,fast
CMAU3222844,overstay
MSCU7415200,overstay
ONEU2812377,normal
HDMU8419511,normal
CMAU5751855,fast
COSU4691899,normal
MRKU5966366,fast
EGHU6319144,normal
HLCU5350099,extended
HMMU3478677,normal
HLXU7222511,normal
MRSU1520866,extended
MSKU9008622,extended
ZCSU1129777,normal
CMAU3830466,normal
MSKU2481611,fast
COSU9477388,fast
MSKU4575800,normal
CMAU1503911,extended
HLCU9891444,fast
CMAU7951566,normal
COSU6202555,extended
CMAU3902622,extended
CGMU6392333,normal
MSCU2028400,extended
HLXU4000544,fast
CMAU7486466,normal
EGHU4836244,normal
COSU4983855,extended
MSKU7855766,normal
COSU8684177,normal
MAEU3169999,fast
CMAU2836755,extended
CMAU4594666,extended
CGMU6289688,normal
EISU5240744,normal
MRKU4065600,chronic
MRSU1521744,normal
HMMU7069122,overstay
EISU3321500,chronic
MSKU7212177,normal
MSKU1046255,extended
MEDU7698577,fast
MRKU5248533,normal
KKFU8630366,normal
MAEU2717955,normal
MSKU1749455,normal
CCLU3453066,normal
KKFU9211299,normal
EISU6000366,normal
MSCU9533966,extended
ZIMU7427555,normal
MSKU4702488,extended
HLCU2390355,normal
EISU9932444,normal
CMAU2220211,extended
EGHU3647255,fast
MEDU3230466,overstay
MSCU1256977,normal
HDMU9690855,extended
MSCU2963211,fast
COSU1091666,chronic
HDMU6572711,extended
HLCU4856011,normal
MRKU5361433,extended
HLCU1143633,fast
ZIMU5509811,normal
MEDU2058211,normal
EGHU6529277,overstay
MSKU6720711,normal
KKFU2511455,extended
HLXU5500133,extended
ONEU8382777,extended
MRSU6633188,normal
MEDU1136088,fast
HDMU4984077,extended
ZCSU3803500,fast
EISU8149455,normal
HDMU3128033,extended
MSKU8628000,extended
CCLU4139488,normal
HLCU3296255,fast
EISU8033244,normal
CCLU5534988,normal
MSKU6355155,extended
MRKU7433433,normal
MSKU4884444,extended
HLCU6165999,extended
MRSU7825922,extended
EGHU9113966,extended
HLCU9427944,extended
COSU5810177,normal
HMMU9109500,extended
CCLU3780788,normal
ZCSU2823955,fast
HMMU2104655,normal
CMAU5107633,normal
CCLU7917788,overstay
MSCU8528200,fast
EISU5316000,normal
KKFU3022177,normal
CMAU2041799,normal
CCLU7830033,normal
EISU9339866,normal
EISU6059588,normal
HLXU4692599,fast
CMAU6694377,extended
MSCU2094533,normal
ZCSU5020688,extended
ZIMU3811233,normal
ZIMU3491388,normal
CMAU9739944,normal
MSKU8187222,overstay
EISU2438433,normal
HDMU7654955,normal
ZIMU4702944,normal
MSCU1750899,fast
COSU6555177,extended
CGMU3608155,normal
MRSU3964222,extended
ZCSU7294199,normal
EISU6490133,extended
CMAU9239222,fast
ZIMU8400011,fast
MSKU5171455,normal
MSCU2650855,normal
HLCU2142288,normal
ZIMU2466233,extended
MEDU7300311,fast
CGMU2178288,normal
ONEU9526288,normal
MRKU1475399,normal
MAEU1392266,chronic
COSU6129455,fast
MSKU6963422,extended
CCLU1557422,normal
COSU8593966,normal
KKFU1657011,normal
MRSU8083133,extended
ONEU1023588,extended
HLCU8879899,fast
MEDU7201911,overstay
ZIMU1332633,normal
HLCU8222700,normal
KKFU1405411,overstay
MRKU6599277,normal
KKFU8290344,extended
ZIMU7685933,normal
COSU9150266,normal
MEDU3307522,extended
ONEU9297900,normal
EGHU4423999,normal
HMMU4830544,fast
HLCU7602644,overstay
MSCU7089088,normal
HLXU3644022,fast
CCLU9716711,extended
CMAU7503299,normal
MEDU3969355,normal
MEDU9385222,normal
KKFU4608344,overstay
EISU4938144,fast
KKFU2166599,extended
MSCU5487288,fast
HLCU3703955,normal
COSU7085600,normal
CCLU2679566,extended
CMAU1871588,chronic
CGMU1051611,fast
KKFU5646211,normal
MSKU8601188,extended
HDMU7284188,normal
MRSU1506222,normal
EISU3095244,extended
ZIMU4578955,extended
HLCU2684155,normal
CGMU8814000,extended
MSKU9680977,extended
CCLU1150100,normal
MEDU8231200,normal
MSCU8816288,normal
CMAU4204377,fast
KKFU7549911,fast
MRKU4091577,normal
KKFU3853344,normal
HLCU2142288,chronic
MSKU4429377,extended
HMMU4685088,fast
ONEU7621677,normal
CMAU8152511,extended
ONEU5676922,normal
MSKU2400622,extended
HLCU3634177,extended
MSCU7636833,extended
CCLU2596199,normal
ZCSU3148433,normal
MSKU3565122,normal
MEDU9701699,extended
HDMU9177988,normal
MEDU2474966,normal
CMAU4874866,extended
HLXU9543788,extended
KKFU6146588,normal
MAEU7920522,extended
EISU4049288,chronic
MSKU1223133,fast
ZCSU8108799,extended
MSKU9829722,normal
MAEU3946699,fast
COSU4722311,fast
MAEU5450477,extended
HLCU7926200,overstay
ZCSU5622166,normal
COSU7846899,extended
EGHU1926522,chronic
CMAU7517899,overstay
CMAU4454744,extended
ZIMU4687499,fast
CMAU7506144,normal
MRKU8987533,overstay
EGHU1923255,chronic
COSU7002933,normal
HLCU4583988,normal
MSKU3872433,fast
MRSU1878122,extended
CGMU3970088,normal
CCLU5731800,normal
HLCU9550333,normal
COSU5571322,extended
MRKU2034200,extended
ZIMU4812199,extended
ZCSU2017188,normal
HDMU2931777,normal
ZIMU8287400,extended
MSKU9344355,normal
MEDU7881066,normal
MRSU4981033,fast
MSCU2381633,normal
MSKU1675644,normal
CGMU3280766,normal
ZCSU5952800,fast
MAEU5216622,fast
HDMU2791488,normal
MRSU5108411,normal
EGHU9289622,normal
MAEU5961900,extended
ONEU4037366,normal
HMMU7120455,normal
KKFU4026800,overstay
ZIMU2885611,normal
HDMU8419511,normal
MEDU9320000,normal
EGHU7700000,chronic
HLCU1927933,normal
KKFU5310600,fast
EGHU4887911,overstay
MAEU6229111,extended
COSU8249111,overstay
MAEU4696822,fast
CCLU9105422,normal
ONEU6588200,normal
CMAU9025366,overstay
HMMU3478677,extended
CMAU2331822,extended
ZIMU9148900,extended
MRSU4367911,normal
MSCU5328933,normal
MEDU1064699,extended
EISU1032600,normal
HMMU2332788,overstay
MRKU3431611,normal
MSKU9482499,extended
MAEU1091499,extended
MAEU9725077,normal
HLXU8288777,normal
MRSU1352411,extended
MRKU6176388,chronic
MSCU3090000,extended
ZIMU4103733,fast
ZIMU1608022,normal
CGMU1631822,normal
CCLU9400155,normal
HLCU1143633,normal
MSCU6616400,normal
HDMU9944111,overstay
ZIMU4788300,normal
CMAU4201766,extended
MEDU1085455,normal
CCLU9993588,normal
MAEU5100244,extended
HLCU2368077,normal
COSU4424999,chronic
ONEU4519577,normal
KKFU5625000,normal
MAEU2505733,normal
MEDU1591588,normal
MEDU8403344,normal
CCLU3279511,normal
ZIMU1386944,extended
MRSU3012633,normal
KKFU6008077,extended
EGHU1471900,normal
MSCU3156900,normal
MRSU5166977,normal
MRSU3455511,normal
HMMU9900422,extended
MAEU9789533,extended
ZCSU8453911,normal
CCLU7764344,fast
MSKU6018222,extended
HDMU8599611,extended
CGMU5302466,extended
HLXU2109311,normal
HMMU9480111,normal
MAEU1450522,normal
HDMU5300366,normal
HLXU4842099,normal
HDMU1907333,normal
HMMU1868222,fast
KKFU7454966,normal
MSKU3184255,fast
EGHU9638933,extended
MEDU7701455,normal
ZIMU6461088,fast
MRKU4241866,extended
HLXU7554400,normal
EISU5489200,extended
MRSU6675922,normal
CMAU7734144,normal
COSU4921966,normal
MSKU7963800,normal
ZCSU8804255,extended
ONEU7479800,extended
CGMU7737277,normal
CCLU9724266,fast
COSU8659499,chronic
MRKU2384700,normal
CGMU4000344,extended
HLXU7433777,fast
ZCSU2132211,overstay
HLXU8523444,normal
MRKU8246044,normal
MSKU4768055,overstay
EGHU8909566,normal
MRKU7126666,overstay
HLXU2358222,fast
KKFU8102833,extended
HLCU2337700,extended
MEDU1183300,overstay
MRKU4181877,normal
KKFU5007577,normal
ONEU5700399,extended
HLCU4111233,fast
ZIMU4570433,normal
COSU9867644,fast
HLCU7390899,normal
ZCSU7148955,normal
CGMU3571677,chronic
MSKU7478755,normal
MAEU8058499,normal
MAEU2839855,normal
EGHU1980377,normal
EGHU9793500,normal
HMMU8514011,normal
KKFU2825211,chronic
MSCU7843300,extended
HDMU9891611,normal
COSU7932233,normal
MSKU6006900,normal
HDMU3192122,normal
MEDU1313600,normal
MRSU4611700,extended
CGMU9997899,normal
HMMU3394644,normal
HLCU3163400,extended
CCLU1078322,normal
MAEU9027700,extended
MSKU7268733,normal
CGMU9839199,normal
HLXU5552155,normal
HLXU7368088,normal
EGHU2871799,fast
HDMU7211766,extended
HLXU2318299,normal
HDMU3371099,normal
MRKU2802600,normal
HDMU8219911,extended
MAEU3395399,normal
KKFU4772733,normal
CCLU4450922,normal
EGHU4275122,fast
COSU5588688,normal
COSU9975033,normal
HLXU5386499,extended
MRKU6246155,extended
MEDU4235244,fast
ZCSU1917622,normal
MEDU4082055,extended
MRKU6411288,overstay
ONEU5678311,fast
MAEU5077699,extended
ZCSU1449322,extended
KKFU2442488,normal
MSKU7425900,fast
MRSU9012500,extended
KKFU4833099,normal
MRKU8807655,extended
ONEU3010966,fast
CMAU1445211,normal
MAEU5930500,fast
HLCU5492400,normal
HDMU1891177,extended
EISU7718799,normal
ZIMU8709355,normal
HLXU6550500,overstay
CGMU5984022,normal
ZIMU4337944,normal
KKFU6328244,normal
ZCSU6291744,normal
MRSU6987188,normal
CGMU6459399,normal
HMMU5484155,normal
MRSU1083333,extended
CCLU8334733,normal
ZIMU2773588,overstay
ONEU5464566,normal
MSKU8633677,normal
ZCSU6930888,extended
HMMU7735800,normal
ZIMU6202055,normal
EISU5856088,normal
HMMU8094666,extended
EISU6352777,fast
MRSU9325399,normal
MSKU6915222,extended
MSKU4423155,normal
COSU2506699,normal
MAEU2284299,normal
ONEU2039811,normal
CGMU5319277,normal
HLXU4294388,fast
ONEU1700644,normal
CGMU9997899,normal
ZIMU1663033,normal
CGMU2455455,fast
MRSU4224811,normal
ZCSU8184044,chronic
ONEU5073322,overstay
MSCU5007500,normal
HMMU2806922,normal
MRSU4886755,extended
KKFU1102244,extended
EISU2451755,fast
HLXU4912544,extended
MRKU2971066,normal
CCLU2144999,fast
MSKU2984133,normal
HLXU8302955,extended
CCLU2189699,normal
MSKU5304355,normal
EISU7876155,normal
KKFU8401599,extended
KKFU2450488,normal
HLXU5812255,fast
CMAU7985833,normal
MSKU6010455,extended
HMMU2082011,normal
EGHU7897144,fast
MSKU5743666,fast
HLXU9559999,overstay
ZCSU4927533,normal
HMMU3626755,normal
MSKU6434311,extended
CCLU8435355,extended
HMMU5400977,normal
HLCU3602900,normal
HDMU8847888,extended
ZIMU4865533,normal
HLCU1097744,fast
CGMU9128300,normal
CGMU5005200,fast
KKFU7613755,normal
EGHU7011911,extended
MSKU2809766,fast
ZCSU2060111,normal
ONEU8034788,normal
ZCSU9772722,extended
EGHU6848688,extended
COSU9637933,normal
MAEU1906577,normal
CGMU2835099,normal
COSU5110977,normal
MAEU8965288,normal
KKFU7839166,extended
MSKU2505688,normal
COSU6824611,extended
MSKU8233855,extended
HLCU8879899,extended
COSU7873033,normal
EGHU3189311,fast
ONEU5316311,extended
HDMU4358600,normal
CMAU9406077,normal
ONEU3933900,extended
EGHU2624299,fast
EGHU2311966,normal
CGMU3346244,normal
HLXU4116299,fast
CGMU6680566,fast
MSKU2964711,extended
HLCU2031700,extended
MSKU4265711,extended
ZCSU3948311,normal
EISU1624166,extended
CCLU1557422,normal
MSKU7911622,normal
HDMU1638433,overstay
ONEU5124211,extended
MSKU2746733,normal
MSKU6285288,fast
KKFU5567544,chronic
ZCSU2060111,normal
HLXU6290622,normal
KKFU6866411,normal
KKFU5465766,fast
CMAU9661088,fast
MSCU6592500,normal
HMMU9483388,extended
ZCSU5417944,normal
MSCU8074033,extended
ONEU8163999,chronic
MAEU3091599,extended
EISU8168033,normal
MSCU5135377,normal
MRSU8753799,fast
HLCU8285655,normal
HLXU8989177,overstay
MSKU1197199,normal
CGMU3372711,normal
CCLU9829033,extended
MSKU9118311,extended
ONEU2823733,fast
MRKU7982888,extended
MAEU8817222,normal
MRSU2155622,fast
ZCSU5005977,normal
CMAU5239055,normal
CMAU8805811,overstay
MEDU3677277,normal
HLCU3414077,normal
CGMU2895022,extended
MRSU2471555,extended
ZIMU8206355,fast
ONEU1893511,extended
CMAU8790722,normal
MSCU3100311,normal
EGHU4570533,normal
HLCU3761511,fast
MSCU6874999,normal
MEDU6166322,fast
COSU5496888,extended
MRSU7792922,normal
MRKU6695866,extended
MRSU9270555,normal
MSKU3404733,fast
MEDU2616133,extended
HDMU7179488,fast
MSCU7866222,overstay
MSKU6405555,normal
ONEU3531133,extended
CGMU3643588,chronic
MRSU1961166,extended
MRSU9363822,extended
EISU7896499,normal
HMMU5896888,extended
CMAU9973855,normal
EISU7864622,normal
MSKU3223633,normal
EGHU2124499,normal
HMMU2173544,chronic
ZIMU4943788,extended
CCLU8162988,normal
KKFU9096677,normal
CCLU1259077,fast
CGMU9547233,normal
EGHU4024522,overstay
CMAU8479666,normal
MSKU5922111,normal
HDMU6592588,normal
MSKU6815888,extended
MRSU8994899,extended
HDMU9108211,normal
HLCU8058799,chronic
ZCSU4573633,normal
ONEU9295355,normal
COSU1921588,normal
HLCU3189133,normal
HMMU1987988,fast
COSU1517700,normal
MEDU5177788,extended
MAEU6159277,fast
HMMU5827600,extended
MSKU9544955,overstay
HMMU6679777,normal
COSU8367722,extended
KKFU1557388,normal
MSKU4213477,extended
MAEU6616199,extended
HDMU8799299,normal
KKFU8769322,extended
MSCU2432166,normal
EGHU5397777,fast
HLCU1623422,extended
MEDU3875155,normal
CMAU9509422,fast
CGMU6965088,normal
MEDU8744488,extended
MSCU7866222,normal
EGHU2871799,normal
ZCSU9552322,normal
HDMU2584933,normal
MSKU9646499,normal
CCLU1142511,normal
MSKU2109055,extended
EISU9915488,normal
MSCU7120833,extended
MRKU5760977,normal
CGMU9876500,normal
ZIMU8192088,extended
HDMU6483766,extended
ZCSU3046311,normal
MRKU1027422,normal
COSU5613522,normal
EISU2284077,extended
MSKU6909455,fast
ZCSU9304666,normal
EGHU3705644,normal
KKFU6071100,normal
HLXU3133400,normal
MSKU3463433,extended
COSU1088122,fast
HDMU2123600,normal
CCLU2237544,normal
HLXU8338633,normal
CCLU3239899,fast
MRKU6716322,overstay
EGHU9598499,extended
ZCSU9238777,extended
MSKU7911622,normal
MEDU1650277,overstay
MSCU8234800,fast
HLCU7435888,normal
CMAU4839266,overstay
HMMU1119733,normal
HMMU5503655,fast
MAEU2202944,normal
HLXU9060111,normal
COSU3965511,extended
CMAU4010177,overstay
KKFU4557244,normal
HLXU2083977,extended
ONEU4907177,extended
MSKU4830533,normal
CCLU5572066,normal
MSKU4250899,normal
MSKU8657744,overstay
MSKU2403988,normal
MRSU3739833,fast
HLCU8395555,normal
MSKU4423155,overstay
HLCU5910033,normal
KKFU9703688,normal
MRSU6671255,overstay
COSU9249388,fast
ZIMU9452599,extended
HLCU3515655,overstay
HLXU9543788,extended
HLXU5363688,fast
CGMU7384488,normal
MAEU1588422,fast
MRKU7335599,overstay
EGHU5921777,extended
HMMU7107477,normal
KKFU7707144,normal
EISU9111200,extended
MRSU7506622,chronic
MSKU9776222,normal
HMMU6879333,normal
MAEU3398155,normal
MSKU7876244,normal
MAEU1390977,extended
HLXU7159655,normal
MSCU3221866,fast
KKFU4811233,fast
EGHU5316999,extended
KKFU5474166,normal
HLXU5275222,fast
HLCU2044111,normal
CCLU1523344,normal
EISU2482422,overstay
MSKU1691600,normal
HMMU7922266,normal
ZIMU8200577,normal
CMAU7247522,extended
HDMU9818566,extended
MEDU8621800,normal
MSCU2345588,extended
HDMU2430200,extended
EISU5899833,normal
MSKU4784522,fast
MSKU8111744,fast
COSU7269000,normal
KKFU8403111,normal
HLXU3794122,fast
CGMU6825700,overstay
MRKU2965111,normal
HLCU9008566,fast
MRKU5297788,fast
CGMU9905055,normal
HLXU6761222,overstay
MRKU2167266,extended
CGMU8664888,normal
HLXU4928533,extended
MRSU3048311,overstay
HLCU7767955,extended
EGHU1026044,normal
COSU9922022,fast
COSU2126522,normal
HLXU6672266,overstay
CCLU5614777,normal
COSU7261066,overstay
CCLU2137999,fast
MAEU2202944,normal
MEDU8161599,normal
MAEU3607633,overstay
ONEU5106444,extended
CMAU8538266,overstay
CCLU5751122,extended
HDMU4431200,normal
MSKU9205511,chronic
ZCSU8101522,chronic
EISU7188811,normal
ZIMU6089255,normal
MRKU4621777,normal
ZIMU5787288,normal
CGMU3622277,fast
MEDU1275011,normal
HMMU4336288,normal
HLXU9338955,chronic
HLCU4285122,extended
ZCSU3519600,normal
MSCU2219599,fast
MSKU7605799,normal
CCLU9031822,normal
EGHU9978833,overstay
EISU7804977,overstay
MRSU9300700,normal
HLCU3950344,normal
KKFU8520766,overstay
MSCU6131488,normal
ZCSU9204499,fast
KKFU4822888,overstay
MSKU7682677,extended
HDMU2165988,overstay
KKFU4497533,normal
HLXU6248377,extended
MRKU7960266,chronic
HLXU2167211,normal
MRSU6018922,normal
KKFU8918133,fast
KKFU3369044,extended
MEDU4116155,extended
EISU1726133,normal
CGMU4842999,extended
MSKU6381488,overstay
HDMU6152044,normal
CCLU7541555,normal
HLCU7996866,normal
MAEU2640166,normal
CGMU5639488,normal
ONEU8598099,normal
MAEU7744077,normal
ONEU7647199,fast
CCLU9615166,overstay
ONEU2565499,normal
HLXU7367311,extended
CCLU8458355,normal
MSCU2211488,overstay
EGHU4916111,overstay
KKFU3828111,extended
MSKU3463288,normal
EISU1375377,normal
MAEU6117066,fast
MEDU7954911,extended
EGHU8963677,normal
MSCU4477866,fast
HDMU8599611,overstay
KKFU9512833,normal
CCLU4640977,normal
HMMU4477277,chronic
HDMU8229555,normal
CMAU8842600,extended
EISU9915488,normal
HDMU4456044,fast
MSKU4213477,normal
MEDU1088755,normal
CMAU6663044,extended
COSU9975033,normal
HLXU2321300,overstay
ONEU2696655,extended
HLCU9617233,normal
CCLU8235133,normal
MRSU2097222,fast
CMAU1110044,fast
HDMU8966755,extended
KKFU7433755,normal
KKFU2693011,extended
MRSU4401544,fast
CGMU6827999,normal
HMMU7956488,overstay
HLXU5214500,extended
MEDU5497999,extended
MSCU1869888,normal
HLXU8613711,fast
ZCSU3015544,normal
HMMU6366111,normal
MSCU5418322,overstay
CGMU3715055,normal
MSKU3472422,fast
MEDU6660700,normal
MRKU7321144,normal
HLCU3178122,normal
CMAU8906433,overstay
MEDU5122455,overstay
MRSU5564566,normal
ZIMU7295788,normal
MAEU3138622,normal
HMMU8245633,fast
HLXU5372111,chronic
MSKU6425999,normal
MSKU4930155,normal
CCLU8856633,normal
COSU5105566,normal
CCLU6436233,normal
MSKU4475000,normal
EGHU5872555,normal
HLXU3631755,extended
COSU5685766,fast
ZCSU6267677,chronic
HDMU1895833,normal
MSKU5393522,normal
HLCU7582766,normal
ONEU3739933,normal
ZIMU4184144,extended
HDMU9095933,fast
HMMU1225255,normal
EISU2126711,fast
EISU2357100,fast
MRKU5748500,overstay
HLXU2337666,overstay
MSKU5480866,fast
HMMU1884077,overstay
MRSU7882900,fast
HDMU3001099,fast
MSCU4511722,extended
CCLU4789366,overstay
EGHU5732699,normal
CCLU6351799,overstay
MSKU6779388,fast
EGHU1167666,normal
HLCU6355266,normal
CCLU5512955,normal
MAEU7663166,normal
ONEU3236411,normal
HMMU4572544,fast
CCLU5225833,extended
MSKU5343966,normal
CCLU8488033,extended
HDMU1453311,fast
MAEU3395399,extended
CMAU4698911,chronic
CGMU3427044,normal
EISU9267822,fast
EISU4351333,normal
ZCSU2748999,extended
MSKU3309700,chronic
HMMU8100799,extended
MRSU8947588,extended
ZIMU7824044,overstay
MSCU1148722,normal
HLCU9530855,fast
HDMU1833877,fast
CGMU5408900,normal
KKFU6798155,overstay
HDMU4831377,normal
CCLU6770477,normal
ZCSU7139944,fast
MSCU7645377,extended
HLCU5468466,normal
HLXU1658355,extended
HLXU8786999,normal
ZIMU5387700,normal
MSKU4639122,extended
MRKU6341711,normal
CMAU5940533,fast
MSCU4369299,normal
HMMU7075733,normal
ZCSU5704588,normal
KKFU1090999,normal
EISU9499666,overstay
ZIMU8320977,extended
HDMU9865833,normal
MRSU7143566,fast
EISU4179055,fast
COSU2126522,extended
COSU5006800,extended
MRKU9545311,fast
ONEU2486422,normal
MSKU7111144,fast
CCLU2921622,extended
HMMU4646200,extended
MSKU1070699,extended
ZIMU5649033,normal
ZCSU3599677,normal
MAEU8483511,normal
COSU2345400,normal
COSU8902255,fast
HDMU1017166,normal
COSU5461944,extended
MSKU2512611,normal
ZCSU5313155,normal
MEDU7616366,normal
MRKU1361199,extended
EISU5160044,extended
MSKU1823755,normal
MSKU7820300,normal
MSKU4828733,extended
EISU5290055,extended
COSU6324377,normal
CMAU9209799,normal
MEDU4352466,normal
EGHU5528755,normal
MAEU4802422,overstay
CMAU4134722,normal
EGHU6999555,normal
ZCSU1731511,overstay
EISU9197677,normal
HDMU3237433,extended
MRSU4071077,fast
MRKU1134600,extended
MSCU5046888,fast
ZCSU6419933,overstay
HLCU7258688,extended
CGMU6702466,normal
MRKU8484433,normal
MRKU4068322,extended
COSU4576822,normal
ZCSU7835133,fast
HDMU9897533,chronic
MSKU1407211,extended
MRKU6970888,fast
MRSU3393611,overstay
HLXU9858822,extended
KKFU9232600,normal
CGMU1430955,extended
EISU7835333,normal
COSU9160166,normal
MRSU5490122,fast
MSKU7576099,extended
MEDU1681688,normal
ZIMU5930433,normal
HLXU5114677,overstay
HLCU8481311,normal
CMAU8047522,normal
HMMU9920955,overstay
ZIMU3969900,normal
HMMU2928988,normal
MRSU3361888,extended
HLCU2589466,fast
EISU3134055,extended
MSKU7508366,overstay
ZIMU4525266,normal
CMAU1106722,extended
MAEU4921022,extended
EISU1624166,normal
ZCSU9595133,extended
HMMU1884077,normal
MSCU6255900,normal
KKFU7574066,normal
CMAU4850477,fast
MRSU4287555,fast
HLCU7554400,fast
MSKU3005177,extended
HMMU7945799,normal
HLXU6503911,extended
HDMU2343066,extended
HLXU8626077,normal
MEDU3831822,normal
MSCU7400188,normal
MEDU3592766,extended
EGHU5932511,overstay
EISU2037433,extended
HMMU3195377,overstay
HDMU9743311,overstay
HLCU9216544,overstay
KKFU4626422,extended
COSU7718177,overstay
MEDU4701244,overstay
CMAU9449133,normal
HDMU6781733,extended
MRSU2002777,normal
ZIMU9443088,extended
HLXU2580966,overstay
HMMU1927044,extended
COSU8715911,overstay
HLCU3516400,normal
ZIMU9164855,extended
HLCU2978177,fast
CGMU5428344,extended
HLXU7333677,chronic
CMAU1252744,extended
MSCU7778977,normal
HLCU1869333,extended
HLCU8427044,extended
MSCU7903000,normal
MRSU1961166,extended
MSKU1223133,extended
MEDU3594388,fast
ZIMU7393100,extended
MRSU3026077,normal
HDMU6752399,normal
HLCU9610077,extended
HLXU5748433,fast
CGMU9245855,normal
EGHU3350066,normal
COSU5550133,normal
EISU3194422,extended
MRKU4557055,extended
EISU3993522,extended
HDMU9446822,chronic
HLXU5812255,normal
MSKU9713588,normal
MRKU1201866,overstay
CMAU5299822,normal
HLXU5136199,extended
MSKU5263966,fast
MRKU6560788,normal
HLCU3451555,normal
HMMU5592600,normal
ZCSU9815800,fast
HMMU9035022,normal
ONEU1169666,normal
KKFU3146011,normal
MEDU4436022,normal
EISU7573111,overstay
MRSU5244488,normal
HMMU7773966,extended
MAEU4664100,normal
KKFU3879466,normal
HLCU3903177,normal
MSKU1823755,normal
HDMU9221955,overstay
HDMU7476377,fast
ZIMU2447477,normal
ZIMU7145011,normal
MAEU7423744,normal
CMAU2858644,normal
HDMU2995800,normal
MRKU8362733,chronic
MRSU1652988,overstay
MAEU9428044,extended
ONEU3905755,normal
COSU1271744,normal
MSKU2500333,fast
EISU3981700,normal
MRSU5626900,extended
CCLU2270066,normal
ONEU4163444,normal
CGMU7336055,fast
HLCU3912244,normal
MAEU3894900,normal
HMMU1168033,normal
KKFU1616433,normal
MAEU9348299,normal
EISU7524822,normal
KKFU5477200,normal
EGHU9860355,overstay
HMMU6633255,fast
EISU9475022,normal
KKFU4360933,extended
KKFU8818955,extended
HLCU2765277,overstay
CGMU1970399,extended
ZCSU1543711,extended
EISU1405744,fast
CGMU2286944,fast
CMAU5251077,extended
CMAU4272355,normal
ONEU2694677,extended
ZIMU3125855,normal
ONEU5695088,extended
CGMU3277177,extended
ZCSU2873444,extended
HLCU9653255,normal
MSKU7526233,normal
CGMU8202299,extended
CCLU1568377,extended
MEDU4910655,extended
KKFU2326766,normal
EISU4049288,normal
MEDU6643466,normal
ZIMU8655633,fast
EISU1365533,normal
COSU1361755,normal
ZCSU1564288,normal
ZCSU7675911,extended
CMAU7831644,normal
CMAU4783466,normal
MRSU7998833,normal
HLCU3086822,extended
ZIMU2786111,normal
ZIMU9876077,fast
EGHU1049866,normal
MSKU3166022,fast
MSCU9501588,normal
ONEU7204322,chronic
ZIMU9055800,extended
ZIMU7115188,normal
CCLU5572066,overstay
MAEU4833955,normal
MEDU5485911,normal
HLXU7986277,normal
ZCSU2079122,normal
ZIMU4498733,normal
MSKU3511477,normal
MSKU5744744,fast
EGHU7583722,extended
ONEU2927911,extended
MRSU4449888,normal
HLCU3637300,normal
CGMU9097522,overstay
MSCU5273766,extended
MRKU9520322,extended
MRKU7058711,overstay
HLXU7796411,normal
MSKU4864988,chronic
MRKU5012866,normal
HLCU2566422,extended
MEDU3993522,normal
MSKU3558555,extended
MSCU2205144,normal
KKFU6911244,extended
COSU7617533,normal
HMMU6706477,fast
EISU4470600,normal
MSKU6987900,normal
CCLU2926722,normal
MRSU3200744,chronic
HLXU1153588,normal
HLXU6070444,normal
CGMU9094099,overstay
CGMU7083011,fast
MSKU1696544,extended
MSCU1874000,normal
HLCU5921599,chronic
MRSU6088322,extended
EISU8920122,normal
MAEU1672866,normal
EGHU6389855,normal
COSU1323911,extended
HLCU3815344,fast
MEDU7440722,overstay
COSU5154133,extended
MSCU1344744,normal
HLXU5939266,normal
MSKU3705800,extended
EISU6657811,normal
HDMU6273099,normal
MSKU9788833,fast
MSKU6962566,normal
MRSU6390788,normal
ZIMU9038677,extended
HDMU9250600,normal
HDMU6666677,extended
CCLU5904333,fast
EGHU7124344,overstay
HDMU1371944,normal
ONEU1889100,chronic
KKFU8102833,extended
CMAU3311711,overstay
MSKU9410833,extended
HLXU9296766,normal
ZCSU8197144,overstay
EISU4435166,fast
ONEU4988288,normal
HDMU7264666,extended
HMMU7203555,normal
MRSU2009433,overstay
EGHU2534899,chronic
CCLU6833588,normal
EGHU2941733,normal
ZIMU1189744,normal
MSCU1587499,normal
ONEU4911177,extended
MRKU8954266,normal
HLCU9370099,overstay
EISU4136355,extended
HMMU1029477,normal
MEDU5642155,chronic
HLXU3388033,extended
MSKU7204788,extended
COSU5434133,fast
MAEU9350300,normal
ONEU8034788,normal
KKFU8871955,normal
MRKU8925111,extended
EISU5637011,extended
HLCU2144833,fast
HLCU1319022,extended
HMMU1189788,normal
CGMU6217155,extended
HDMU7863766,overstay
ZIMU6614677,extended
CCLU6820611,extended
COSU4285899,normal
KKFU5795999,normal
ZIMU1407388,chronic
ZCSU8394766,normal
COSU4635122,extended
CCLU5747799,normal
HDMU8413811,extended
HDMU4461911,fast
ZIMU6923255,fast
EISU8895100,chronic
MSCU2247499,normal
CCLU7132777,normal
HLXU4463744,normal
ZCSU8011755,chronic
CMAU4642499,normal
MRKU5248533,extended
MRSU8815888,normal
MAEU4071655,normal
COSU7932233,normal
MSCU8821777,normal
KKFU7863133,chronic
CGMU2030011,extended
EGHU7714822,normal
HMMU5612911,extended
MSKU4464377,normal
EGHU8508455,normal
HLCU5559255,extended
ZIMU7993299,overstay
ZIMU5120499,normal
CGMU6773955,overstay
EGHU8033344,extended
HDMU6273099,extended
KKFU7535588,extended
MAEU1288388,chronic
HLCU5014133,extended
ZIMU4158155,extended
CGMU2938755,normal
HDMU3385899,normal
MRSU3651433,normal
ZIMU6826699,normal
MSKU3166022,fast
ONEU9562166,extended
MSKU7667799,normal
CCLU3727522,extended
CMAU4357511,overstay
MRKU3689644,extended
MRKU3422677,fast
MSCU2571533,normal
ONEU1210200,normal
MSCU6485399,extended
HDMU9764788,normal
MSKU4230900,normal
ZIMU2170488,normal
ZCSU3979777,normal
CCLU6308622,normal
HLXU1775588,normal
MSCU8755544,normal
ZIMU8907055,extended
HMMU2473577,normal
HLCU8097733,extended
CGMU2575622,normal
HMMU2891744,overstay
MRSU4956011,extended
MRSU6257233,extended
CMAU2312266,fast
MAEU5575444,normal
MSKU8349299,extended
HLXU6954899,extended
HLXU1501655,normal
HMMU1765899,normal
HMMU3359466,overstay
MAEU1796811,extended
ZIMU9894822,normal
CGMU7765811,fast
HLCU8446966,normal
EISU3164022,chronic
HLXU6545933,normal
ZCSU7052800,extended
EISU7053700,overstay
MRSU4283655,normal
ONEU5418633,overstay
CCLU9928699,normal
HLXU7583800,overstay
KKFU3512200,overstay
KKFU9547811,normal
ZCSU6315477,fast
HLXU7585100,normal
HLCU8941677,normal
MSKU3645633,extended
HLCU9105533,normal
EISU6452266,normal
HMMU5480566,normal
MRKU5878977,normal
HLCU5202333,extended
MEDU7647566,fast
HLCU7153700,extended
ZIMU1386699,normal
EGHU9805011,fast
COSU6245355,normal
MRKU9921800,extended
MRSU9105844,normal
HLCU1548466,fast
MSCU6250066,fast
HLCU3576611,normal
ONEU7027344,fast
ZCSU1301111,extended
EGHU8508455,normal
HMMU6887099,normal
COSU8509855,normal
ONEU8600344,normal
HLCU2239355,extended
ZIMU1549811,normal
CGMU6038422,fast
EGHU8056866,normal
MSKU6222777,fast
COSU6463088,normal
COSU9729977,normal
MSCU7373855,normal
HLXU2837411,normal
ZIMU4725166,fast
COSU1491133,fast
ZIMU1717022,normal
HLXU8322644,normal
CGMU6217155,normal
HMMU8393488,normal
MRKU9606022,normal
EISU6251577,normal
COSU8487322,normal
ZIMU2998333,normal
KKFU4147266,overstay
HDMU1150022,fast
CGMU8448766,overstay
EGHU6686733,extended
COSU8597166,fast
MSCU5857599,normal
HLXU2136122,normal
ZIMU6885699,normal
CGMU2498155,chronic
HLCU4269311,normal
ZIMU1201955,fast
ZIMU3051677,fast
CGMU8973111,normal
CMAU4936144,extended
KKFU5611200,fast
EGHU2411844,fast
MSKU2784699,fast
HLXU7676299,fast
CGMU1123311,normal
MRSU7490855,extended
CGMU9094099,normal
ONEU7633822,chronic
HLXU4755155,fast
HMMU7706533,fast
KKFU5052522,extended
EISU8393100,fast
MSKU9215400,extended
HMMU5627988,overstay
ZCSU7272911,fast
MAEU4524133,extended
MSKU2270544,fast
MSKU9111922,normal
HLCU7910677,normal
HLXU4360611,normal
HDMU5687833,normal
ZCSU7672733,normal
ONEU7557277,fast
ZCSU1946644,overstay
MSCU8513977,normal
HLCU5621788,normal
ONEU7352966,normal
HLCU7104877,overstay
CGMU1225911,normal
MSCU6110844,normal
MEDU3324300,normal
HLXU7147744,extended
HLXU9296766,normal
MRSU2220377,fast
EISU8833600,extended
MSKU3092600,normal
MRSU2751788,normal
MSKU1860944,normal
MRSU3921111,chronic
HLXU1658355,normal
HLXU3940577,normal
MSKU1737366,fast
MRKU7647600,normal
KKFU7574066,overstay
EISU4066588,overstay
MRKU1703622,normal
CCLU6601888,overstay
KKFU6805499,normal
HLCU1090733,normal
CGMU3873322,overstay
MRKU3989188,chronic
HMMU5593255,normal
ZIMU7733122,normal
HMMU7040311,normal
EGHU7180977,extended
MSCU9969555,normal
HLCU8988733,fast
MRKU5098299,normal
ZCSU2967255,overstay
ZIMU8400011,fast
MSCU9004600,chronic
MRSU8543799,normal
CCLU6805266,normal
EISU6129122,extended
ZCSU8895844,extended
MRSU9675477,extended
ONEU4581966,normal
MEDU6144466,normal
MSCU4630899,extended
KKFU4026800,normal
HLXU8919622,normal
HDMU8752999,chronic
KKFU9983844,extended
HDMU5189688,extended
MEDU9698900,extended
CGMU6164377,extended
MRKU8487333,overstay
ZIMU3412222,extended
CGMU1516466,overstay
COSU9153277,normal
ZCSU1179944,normal
HDMU2995800,fast
MSCU8334833,normal
MSCU6518322,normal
HMMU9191277,normal
MEDU5750377,extended
HMMU7938322,extended
MRSU5249600,normal
CCLU1557422,normal
HMMU3761088,normal
ZCSU7821899,extended
CMAU1645933,fast
MRKU5337933,extended
HDMU3040644,normal
ZCSU4089433,normal
CMAU4852511,extended
COSU7533977,fast
EGHU5900666,normal
HLCU5468466,normal
CCLU9870677,normal
MSKU3045311,normal
MAEU4527011,extended
HDMU8766722,normal
CGMU8807966,normal
MRSU4385677,fast
MRKU9516666,normal
CGMU8434399,normal
MRSU8905188,normal
KKFU8520766,normal
ZCSU9630155,normal
EGHU8708555,extended
MEDU8994999,fast
CCLU2379088,normal
EGHU8527222,normal
HMMU2341955,normal
CCLU7875477,extended
MRKU9713155,extended
MSCU1478966,normal
ZIMU5910299,normal
MSKU6184322,fast
CMAU4271988,chronic
EGHU9335544,normal
CCLU9745355,normal
KKFU2262900,normal
ZCSU6707177,normal
MRKU9152799,normal
EGHU6130988,overstay
EISU2016055,extended
EGHU3262222,extended
HLXU2470544,normal
ZCSU8989400,normal
MSKU8977344,extended
ZIMU9038677,fast
EISU8541500,fast
ZCSU6792822,normal
CGMU7442911,normal
HLCU8876411,normal
MRSU2780533,normal
ZIMU2400300,normal
MRSU4086722,normal
CGMU9106855,overstay
CCLU4257699,normal
EISU5968555,normal
HLCU9470555,normal
ONEU9202744,normal
MEDU8373411,fast
CCLU9825533,normal
COSU8987166,extended
MSKU4699600,extended
MEDU8328899,normal
MRSU2207877,normal
MRSU9333866,extended
EGHU5172266,normal
KKFU4155166,normal
MRSU5111477,overstay
CMAU9823466,normal
ZIMU7960744,extended
ONEU7764088,fast
KKFU7540455,normal
KKFU8876822,fast
MRKU7272855,normal
MSCU6321033,extended
MAEU8793944,normal
ZCSU2500911,normal
ZCSU5367799,fast
ZIMU8867155,normal
MSKU6347199,fast
EISU5679299,normal
ZIMU3498388,normal
CCLU9512077,fast
MRKU2405588,fast
CMAU8908100,extended
CCLU8604888,fast
CCLU9300122,extended
MAEU1290733,extended
HDMU7249866,normal
HDMU3385899,normal
MAEU5348799,normal
MEDU8994999,normal
HLXU7796411,normal
HMMU9678377,extended
MEDU9753177,normal
MAEU5494544,overstay
ZCSU7015222,chronic
ZCSU7114299,normal
CMAU2877344,overstay
HLXU9385033,normal
ZIMU4810000,normal
MSKU9523588,normal
COSU4578177,normal
ZCSU6409877,extended
CGMU5637088,fast
CCLU2295699,chronic
HDMU4392022,normal
CGMU6712822,extended
CCLU6572755,extended
MSKU4669022,normal
ZIMU2301099,normal
HLCU2911666,extended
EISU5193911,fast
MRKU7551677,extended
MSKU5109388,extended
CCLU8158488,extended
HLXU1802388,normal
HMMU7345977,normal
EISU8869533,normal
MSCU4030411,fast
EISU5677588,fast
MSCU7763777,extended
KKFU8016522,overstay
CGMU3598677,overstay
EISU1794233,normal
MSCU5064555,chronic
MRSU6454188,overstay
MSKU3428133,normal
ZIMU2533600,extended
EISU9626666,fast
MSKU2337055,extended
EGHU8275388,normal
MSKU3866377,normal
KKFU8214522,extended
CMAU8859788,extended
MSKU5816900,fast
CMAU3046166,normal
CMAU3754277,normal
MSCU6292166,normal
CCLU6927911,normal
CGMU8464177,extended
MAEU2552655,normal
CGMU2141288,normal
COSU8308155,fast
EGHU9631333,normal
EGHU4978555,normal
CGMU6259499,normal
HDMU3067533,chronic
HLCU6965355,fast
CMAU2763088,normal
ZIMU3130088,normal
CCLU6317188,normal
HLXU4142700,normal
MSKU6898500,normal
ZCSU8422366,chronic
ONEU7800100,overstay
ZCSU7842500,fast
HDMU9743311,normal
KKFU2447344,normal
EGHU1245599,extended
CCLU2921622,extended
CGMU4842999,normal
MEDU9242922,fast
ONEU3659999,chronic
ZCSU7675911,overstay
COSU7348588,normal
COSU7441255,overstay
ZCSU7279444,extended
KKFU5575244,overstay
CGMU2723277,normal
EGHU6988155,normal
CCLU1791477,normal
HDMU8927500,normal
MSCU4591811,extended
KKFU4603255,fast
MRKU9065044,extended
MEDU2576577,extended
EISU5582433,fast
EISU9150055,fast
MEDU5940722,extended
HLXU2047322,normal
ONEU5691255,fast
MAEU7119733,normal
ZCSU2132211,overstay
ONEU9310166,normal
ONEU3390599,normal
COSU4921966,overstay
MRSU4428677,normal
EGHU4626011,overstay
EISU1939399,extended
HLCU4128833,normal
MRSU3726988,normal
ZIMU8351466,normal
MSCU7116433,normal
KKFU8933400,normal
EISU8389977,fast
MRSU1841177,normal
MRKU5156299,extended
KKFU2540900,fast
CCLU5020722,overstay
HMMU3669733,overstay
MSCU8093855,normal
KKFU7071677,normal
CGMU2188788,normal
MRKU5883722,normal
EGHU6381588,normal
MSKU4464377,normal
EGHU2606755,fast
ZIMU1140733,extended
HMMU8088399,extended
MAEU7348888,fast
HDMU1448522,normal
CGMU8788100,chronic
CGMU5795844,extended
CCLU6398733,normal
KKFU6682866,normal
MRKU8471255,normal
MRKU2032044,overstay
KKFU6059011,normal
MRKU8598844,extended
ZIMU4974788,extended
MSCU5122499,normal
EISU5620644,fast
MSKU5722022,extended
CMAU4697322,normal
MRSU7993122,normal
MAEU8906611,normal
CMAU3571099,chronic
MAEU3992333,normal
MSKU3092600,normal
CCLU6674844,normal
EGHU3220577,overstay
HDMU1136144,normal
ZIMU9404766,normal
MEDU6205000,normal
COSU5565488,extended
EISU6404622,extended
ONEU5215655,fast
MEDU2373022,normal
MRSU9729311,extended
CGMU6459244,extended
EGHU7998999,normal
HLCU5418000,normal
HDMU1416588,fast
MRKU2635833,normal
MEDU8034444,normal
MEDU6954755,normal
MEDU8165944,normal
ONEU4440800,fast
ONEU4366433,normal
COSU7493611,normal
CMAU6864955,overstay
EISU8076677,extended
MRKU3254888,overstay
HLXU7898722,normal
CGMU5260755,normal
MAEU3208688,normal
CMAU4811544,extended
MRKU1195177,extended
CGMU3919966,overstay
CMAU6624322,fast
HLXU6001211,normal
MRKU5842855,normal
MSKU4191188,normal
HDMU6945088,normal
HLXU7073600,overstay
HLXU6550500,normal
MEDU2502399,normal
MRSU9264200,overstay
KKFU5750255,chronic
MEDU9230766,extended
HDMU3124733,fast
HMMU2098133,extended
COSU9747322,normal
MEDU3735455,normal
KKFU2366633,normal
ZCSU9532122,normal
HMMU1810099,extended
COSU1504699,normal
CGMU9412211,normal
ZCSU5098355,normal
MRSU9515622,normal
CGMU3755100,normal
EGHU3450022,normal
HLCU8046800,normal
MRKU7330966,normal
HLXU8682555,extended
MRSU6580777,normal
HDMU8116922,chronic
MRKU2112255,normal
CMAU6206888,normal
COSU2354611,chronic
ONEU9247788,fast
COSU3615711,normal
HLCU7952444,fast
CCLU8535577,fast
EGHU3871577,normal
HLCU5360577,normal
ONEU8223977,normal
HLCU6063300,extended
MRSU5166099,extended
MAEU5091988,normal
MSCU5636800,normal
HLCU8898977,normal
CMAU4090566,normal
EISU9506022,extended
ZCSU2002455,normal
MRKU4756944,normal
CMAU7450666,extended
CCLU3398388,overstay
MSKU1262077,normal
HMMU7493411,extended
MEDU5701977,normal
EGHU5925944,normal
MAEU5533366,normal
CMAU8452566,fast
ONEU3479399,extended
EISU6000633,overstay
EGHU6609766,extended
ONEU7352966,chronic
CCLU8535577,normal
MSKU6423322,normal
HLCU7757633,overstay
HDMU2548300,normal
MRKU6806277,fast
MSKU9993944,normal
HMMU1317822,extended
MEDU3930599,normal
HLXU3707233,normal
CCLU7003377,chronic
HLXU9747633,normal
EISU1947900,normal
ZCSU1129777,normal
MSKU4257300,normal
CGMU1939466,extended
MEDU5011266,fast
EGHU3546111,normal
EGHU6876266,normal
ONEU6486900,fast
CGMU9353066,extended
MEDU3998077,normal
MRSU7918655,normal
HLCU3018644,normal
HLXU9849277,normal
MRSU8877066,extended
HDMU7379666,normal
HLCU7767955,normal
EISU6904566,fast
KKFU3220633,normal
HMMU4173944,normal
HLXU7351500,extended
ZIMU5424966,extended
EISU7094444,normal
ONEU8113777,normal
EGHU6422666,overstay
MAEU2548733,normal
ONEU5566300,normal
MEDU6305900,overstay
MRKU5060944,fast
ONEU3859922,normal
COSU6647200,extended
ONEU4988455,normal
MAEU4139766,normal
ZIMU6077744,normal
CMAU6401899,normal
MRKU7876088,normal
HLXU6001211,fast
CGMU7384488,normal
CCLU1749222,extended
MSKU8778044,fast
MEDU9459922,extended
MAEU8469599,fast
MEDU5271633,normal
HLCU9654244,normal
EISU5941155,overstay
MSKU8228300,normal
MSCU5528466,normal
MAEU7230877,extended
MRSU8652799,extended
EISU7328444,normal
HDMU3524133,normal
EGHU5780955,normal
MAEU3784122,normal
MSKU3956699,extended
KKFU5030099,normal
MEDU6954755,normal
COSU4635122,normal
EGHU3946766,fast
MRSU7814877,fast
HLCU7018688,normal
CCLU4789366,normal
MSKU9777144,extended
ONEU2063822,chronic
EGHU6967544,normal
HMMU4496733,extended
MSKU5263966,normal
MSCU3497955,fast
CGMU1849855,overstay
EGHU1744688,normal
MSKU4440166,extended
HLXU9880811,chronic
EISU5578955,extended
MAEU1817299,extended
EGHU6209599,normal
ZIMU7436566,normal
HLCU5908433,extended
HDMU2823711,extended
ONEU9147877,normal
EGHU6328800,fast
MEDU3695300,normal
EGHU4503599,normal
MAEU1672866,normal
MSKU8196288,normal
COSU6141933,normal
HLXU3219144,extended
CGMU2062177,extended
MSKU1407199,normal
MRKU6726099,normal
MEDU7243633,extended
ONEU5597333,normal
MRKU2066877,normal
ZIMU6995111,extended
ZCSU8011755,extended
EISU5384933,normal
HDMU7924677,extended
MEDU4911888,overstay
MSKU7605011,normal
MRSU1707133,fast
HLXU2804533,extended
HDMU6313299,fast
MRKU2497844,overstay
MEDU3681244,normal
HLCU8353099,normal
MSKU4804444,fast
CMAU7763200,normal
CGMU2981122,extended
CMAU4811544,fast
HMMU4548233,normal
EGHU5699099,normal
COSU1342266,normal
MRKU8925722,extended
HDMU4201066,normal
ZIMU9329611,normal
MRKU7733588,normal
CGMU9227411,extended
MSCU9666288,normal
ONEU5551911,normal
MSCU7767833,normal
MSCU2860555,normal
MAEU3689911,extended
MEDU7148677,overstay
MSCU3721344,normal
MSKU5841355,normal
MSKU4596455,extended
MSKU2400622,normal
HLCU5983477,extended
MEDU9424844,normal
HLXU2638555,extended
ZCSU4404333,extended
MEDU6316233,normal
CCLU8917044,normal
CMAU2391455,normal
KKFU9527522,normal
HLXU3516133,normal
ZIMU9985099,extended
CGMU5082422,fast
MRKU7291577,fast
CMAU6766922,normal
EISU2044700,normal
ZCSU5804411,normal
MRKU9960677,normal
ZIMU5928433,extended
HLCU3079288,normal
ONEU8709400,overstay
KKFU1740655,normal
MRKU5060944,normal
KKFU3537333,normal
MRKU2444311,normal
MSKU6606300,fast
ONEU5997277,normal
HLXU4760233,fast
HMMU2016344,normal
HDMU5220622,normal
MRKU4720111,overstay
CGMU4659544,fast
HLXU5859599,overstay
COSU7782611,extended
CCLU1830244,fast
MRKU5756833,fast
CGMU4452566,normal
HLXU7396955,fast
MRSU5108411,normal
HLXU8180000,fast
HLCU3501788,normal
COSU4532166,normal
ZIMU7361055,normal
COSU9048566,normal
HLXU9646999,overstay
MRSU8307588,normal
MSKU3004955,normal
CCLU9992900,normal
MRSU4299422,extended
COSU2682277,extended
EGHU9087522,normal
MRKU1474211,normal
KKFU6910500,normal
MAEU4766533,normal
CMAU6210577,extended
MRKU4818433,extended
KKFU9827244,normal
COSU6387544,overstay
MRKU2297733,fast
CCLU5014000,fast
CMAU6486166,extended
KKFU5462488,fast
HLXU5211944,normal
HDMU2572677,fast
ZCSU6300133,extended
ONEU2393544,normal
CMAU4761500,fast
MAEU1636822,normal
ZIMU4723288,normal
HMMU1714744,extended
HDMU4753333,extended
ZCSU8422366,normal
HLXU2470544,extended
ZIMU3615311,normal
ONEU5776677,normal
CGMU8676599,overstay
HMMU4241411,extended
EISU7300055,extended
MSCU4837733,normal
CMAU4025199,normal
EISU3336399,extended
MAEU4525588,normal
MSCU1128700,extended
MSKU8900066,fast
MSKU9100266,normal
ZIMU1674544,normal
MSCU7165822,extended
HLXU5196688,normal
COSU5620311,fast
HLCU3938133,normal
MEDU8357177,overstay
MSKU8480188,overstay
MSKU8966211,normal
MSCU4005966,normal
MSCU4154333,extended
CCLU5180088,normal
ZIMU8651644,normal
MSKU7333266,normal
CGMU4499855,normal
MRSU5903044,extended
KKFU3667611,overstay
HLXU8143977,overstay
CCLU1277544,normal
EISU3373233,normal
CMAU8880411,normal
MRKU8430988,fast
MRSU2721222,normal
MRKU4577900,normal
EISU1208077,normal
CGMU2163711,normal
MRKU2949122,fast
HMMU6325988,normal
CMAU8864877,extended
EISU9607466,extended
ZCSU8534833,normal
MAEU7200300,normal
HLCU6989900,fast
MRKU7793800,normal
HDMU9322277,normal
CGMU2401511,extended
HLCU2891655,normal
CMAU9330044,normal
MRKU8239900,normal
MEDU5351588,normal
MSKU8406999,normal
ONEU6438299,extended
CGMU6551244,normal
ZIMU9714011,extended
HDMU1764100,extended
KKFU2861522,extended
MAEU8165722,normal
KKFU7548988,fast
MSKU2214722,normal
HDMU1390211,normal
ONEU2775800,normal
ZCSU8679122,fast
MSKU2681011,normal
KKFU9764400,normal
MSKU7855766,normal
HDMU2555122,extended
EISU5717211,overstay
HDMU1269933,normal
CCLU6558288,normal
EGHU3576022,normal
CCLU8400511,normal
EISU3694322,overstay
MAEU8265188,fast
CGMU1291688,extended
CMAU3795633,overstay
MRKU4557055,fast
MSKU3095422,normal
HLCU9070455,normal
EISU9607466,overstay
HMMU1232766,extended
HMMU1714744,fast
MEDU7662500,extended
CGMU8145255,chronic
KKFU3423688,extended
MAEU9604611,fast
ZCSU8148066,fast
HLXU5764466,normal
HLXU3437133,fast
MSCU9296522,normal
MSCU1309199,normal
CMAU6642666,normal
MEDU8912566,extended
COSU2408533,fast
EISU2911455,normal
MRKU1341877,overstay
KKFU9432099,overstay
MRKU1671066,extended
CMAU4663366,fast
CGMU8401855,fast
MEDU6812022,chronic
HLXU7427366,normal
HMMU5958055,normal
EISU4466144,overstay
MEDU2774222,normal
CGMU4699822,extended
CGMU1631244,normal
CCLU2084588,fast
CMAU4600088,fast
MAEU1504655,normal
CCLU9590544,normal
MRSU1664844,fast
ZCSU7863700,normal
ONEU3609933,extended
CCLU2528400,normal
EGHU4290799,normal
EISU6982199,normal
MSCU3780322,normal
MRKU6273011,extended
CCLU4710544,normal
MEDU9434155,chronic
ZIMU2242733,normal
MSKU8377755,overstay
COSU5205611,overstay
MRSU5608533,normal
EGHU4339688,extended
EISU3397911,extended
COSU5205700,normal
MRKU2263933,normal
HDMU5989655,extended
ZCSU8191155,normal
MEDU3040200,fast
MSKU2802711,normal
MAEU4745400,extended
HMMU6312400,fast
MRSU7656966,extended
COSU1898077,normal
ZIMU2911000,chronic
ONEU5682155,normal
MRKU1767199,normal
MRKU1779244,fast
COSU5447699,fast
ZIMU7946600,normal
HLCU3836933,normal
EISU3815999,normal
MAEU9221611,normal
ZCSU3566588,fast
MSKU8253622,normal
HMMU4195044,normal
ZCSU1777911,fast
EGHU2534899,normal
MSKU2575911,normal
MEDU1840300,normal
EISU2317044,normal
MAEU1776599,normal
EGHU3091400,normal
HLCU5294733,extended
COSU5644344,fast
HLXU2045011,fast
HLXU7871455,overstay
ONEU5475999,normal
CCLU9409722,overstay
EISU1152111,fast
MSKU1320488,extended
CGMU8056511,normal
EISU5241344,normal
CMAU4103500,normal
KKFU3866666,normal
EISU3717344,normal
HLXU2163999,fast
ZCSU9030688,extended
EISU9337500,extended
MSKU3557311,normal
HLCU9093399,chronic
CMAU5884033,normal
MSCU8257499,normal
ZIMU5039455,normal
CCLU8789544,extended
ONEU7473177,normal
ZCSU3359944,normal
EISU5677588,extended
EGHU6240188,fast
COSU1317999,chronic
HMMU9942322,fast
MAEU7472155,extended
HDMU3900544,fast
ONEU2987311,extended
MRSU3985899,normal
MRSU1396233,fast
COSU8997300,fast
MEDU6507588,normal
HDMU1119177,normal
MSCU3218100,normal
HMMU8005877,overstay
MSKU3202244,normal
CGMU3647888,overstay
ONEU4485100,normal
CGMU2231100,normal
CGMU7214399,normal
HDMU4513088,fast
MSCU2219599,normal
MRSU3462022,normal
HDMU8845455,normal
ONEU3842199,extended
CMAU2727055,normal
CGMU4487999,normal
EGHU8187499,extended
CCLU1358144,normal
MAEU4768499,normal
ONEU1018288,normal
COSU5179300,normal
KKFU8244533,normal
MSKU2522644,normal
MRSU1396233,fast
ZCSU6208288,extended
MSKU4874199,normal
MEDU6056699,extended
HMMU7045644,normal
MSKU4170200,normal
ZCSU4016211,fast
ZCSU4196466,extended
ONEU8223977,normal
ONEU1019333,normal
MAEU9185588,normal
ONEU3730200,normal
ZIMU6525088,normal
MSKU6672900,extended
ZIMU9966099,fast
ZCSU1460000,extended
MRSU6679655,normal
MSKU1026977,extended
MEDU7136044,normal
HLXU2176099,normal
CCLU9159122,normal
CGMU4784800,fast
HMMU1755188,fast
CMAU5920599,normal
KKFU5918599,normal
HLCU9683233,extended
HLXU8884188,extended
EGHU5528755,normal
CGMU6503822,overstay
KKFU8208155,fast
ONEU5209799,normal
EGHU6389855,fast
EGHU8625400,fast
HDMU3084266,normal
MSCU1311766,extended
COSU2781322,overstay
KKFU7551411,overstay
EISU8637699,normal
MEDU9536100,extended
HLXU7289922,extended
CCLU7905822,normal
ZCSU6189899,normal
CGMU1322933,extended
COSU2490322,normal
MAEU7619788,normal
MSKU2153922,overstay
CCLU9565800,normal
ZIMU6750700,normal
HMMU3243066,extended
COSU3607155,normal
HMMU6041555,extended
MSCU7573211,normal
MEDU5381111,overstay
HLCU1145999,fast
ONEU4937777,fast
EGHU6566288,normal
HLXU9551155,normal
COSU4039988,normal
MSKU6459577,overstay
HLXU8679366,normal
MRSU1337166,normal
ONEU8373699,fast
MRKU6168255,normal
HLXU6672266,fast
CGMU3793155,normal
HLXU8343133,normal
ONEU9609666,chronic
CCLU7122400,chronic
HLCU1526233,fast
HDMU3872344,normal
HDMU1692777,normal
HLXU9006388,normal
EGHU4834511,extended
CCLU9320966,normal
EISU3542233,normal
ZIMU6582422,normal
ONEU5192544,normal
EISU9929477,extended
ZCSU6114866,normal
ZCSU4016211,normal
CMAU2653288,fast
MEDU8296422,extended
MSCU3257500,normal
HLXU2083977,extended
CGMU3755100,normal
ZCSU1345111,extended
ONEU6974466,normal
MSKU7955211,extended
MEDU9703066,fast
MAEU9221611,overstay
CGMU8524000,chronic
EGHU3895111,normal
ZIMU9862922,overstay
EISU9849499,extended
MAEU5209999,normal
CCLU2729899,extended
HLCU1466133,normal
MRSU8648077,fast
CMAU7761422,normal
CCLU8625066,normal
HMMU2951522,extended
HLXU1046999,normal
MEDU2708511,normal
MRKU5767888,fast
CGMU3268733,fast
EGHU6905344,extended
EGHU6639300,extended
CGMU6324933,overstay
CGMU1361388,fast
MSKU3004955,fast
ZCSU6735755,normal
ZIMU8917000,normal
ONEU7299822,overstay
ZCSU9412599,normal
ZIMU3461677,extended
MRSU1567799,normal
ZCSU1572911,normal
EISU5338444,normal
CGMU1673122,normal
ONEU5754644,normal
MSKU2667433,overstay
KKFU7548966,normal
MSKU2242733,extended
COSU1711199,extended
MSKU4141111,extended
CMAU5730388,normal
MAEU5621000,normal
MSKU5986644,normal
HDMU5712500,normal
CGMU9599244,normal
ZCSU3653166,normal
MEDU8472366,normal
CMAU7472388,normal
HDMU6688488,normal
HLXU8207722,normal
MAEU2087622,fast
HLCU9141144,normal
ZCSU4271877,normal
MSCU2188500,fast
KKFU4720533,normal
HMMU9050711,fast
HLXU1854099,normal
EISU1098088,overstay
CGMU7393977,fast
MRSU9729399,normal
HMMU2620522,extended
EGHU5921777,fast
ONEU3910111,normal
CMAU2370944,normal
EGHU7602922,normal
MSKU7820300,extended
MEDU2911822,chronic
HDMU3089066,normal
ZIMU1901755,chronic
CMAU7106388,normal
MSKU6347199,normal
MSKU5209266,normal
KKFU5048622,normal
MSCU7713000,normal
COSU6751555,normal
MRKU6390788,extended
MEDU5060699,fast
MEDU1314633,extended
EGHU7365022,normal
HLXU4218833,fast
MRKU1314999,normal
MRKU7940600,fast
MRSU9729311,fast
MRKU3422677,overstay
MRSU8839211,fast
ZCSU7644388,overstay
MEDU5562555,normal
ZCSU9774966,normal
ONEU5529200,fast
CGMU8194199,normal
KKFU2227800,normal
HLXU4591977,normal
ZCSU5324111,extended
MSKU5878255,normal
CMAU1008855,extended
MSKU9513066,normal
MAEU8006766,fast
CGMU6734377,extended
EGHU7714822,normal
MRSU5458099,normal
CCLU6036277,chronic
EISU1858533,fast
MSKU4898400,normal
ZIMU6567799,extended
COSU2262622,chronic
EGHU7773699,chronic
MAEU4366699,fast
MSKU5136200,extended
EISU9172577,normal
HLCU6600855,fast
MSKU5877744,normal
ZIMU8192088,normal
MRSU7766511,fast
COSU8830977,normal
ONEU1831488,extended
CGMU5697799,normal
ZIMU1327622,normal
ZCSU8394766,extended
COSU8593966,extended
MAEU4801544,fast
EISU4466144,extended
CCLU6637688,normal
COSU5622400,extended
HMMU7756344,overstay
MSKU6987766,extended
MAEU2966477,normal
KKFU8015388,normal
HMMU2742033,normal
CMAU4768255,extended
MSKU1310522,normal
CCLU6728522,normal
EGHU6745766,overstay
MSCU1529777,normal
MSCU1256977,normal
ZCSU3511022,normal
CMAU8676211,normal
CMAU1042511,extended
COSU6875011,normal
CCLU1615266,extended
HLCU1735755,extended
EISU1370944,extended
ZIMU7489911,fast
MRSU3361888,normal
HLXU5279400,normal
HLXU2941811,normal
HLCU4937477,extended
ONEU2894555,normal
HMMU3175944,normal
HLCU7937233,extended
MSCU6874999,fast
KKFU8858166,normal
CGMU1900700,fast
EISU7245111,extended
HDMU3836322,normal
KKFU4600122,fast
ZIMU9377822,extended
ZIMU3465199,extended
KKFU5026077,extended
MEDU1587999,extended
EISU4861944,normal
EISU3029822,normal
COSU1183077,normal
CCLU5943155,overstay
MEDU6175711,normal
CMAU6624322,normal
CGMU1714611,extended
CGMU9674066,extended
MSCU5949900,extended
HLCU5369477,normal
HLXU7368088,normal
ONEU3143922,normal
MSKU5486299,normal
MRSU6675922,overstay
ZCSU4710488,extended
ONEU6664499,fast
ONEU4615800,fast
HLXU7898722,fast
MSCU2452199,normal
MSCU4974411,normal
CCLU9898299,extended
MEDU5951922,normal
MSCU3529133,extended
EISU8456144,fast
ONEU5176477,fast
MRKU8425944,normal
CCLU1179866,fast
MRKU8425133,fast
HLXU2109311,normal
CCLU8878466,fast
MSKU4382944,fast
ZIMU5013555,extended
ZCSU7456155,normal
MSKU6903622,normal
HLXU1872099,normal
HDMU9971188,normal
ZCSU5975888,normal
CGMU5639955,extended
EISU8754733,extended
ONEU1169666,normal
MAEU8472400,extended
MRSU4451233,overstay
MAEU7182922,fast
EGHU2411544,normal
COSU7913255,normal
CCLU5732911,extended
HDMU2477388,normal
MSCU9063422,normal
ZCSU5333900,fast
MEDU3566900,extended
MAEU3625500,extended
HDMU1331455,overstay
HMMU3873455,extended
CGMU3669000,normal
HLXU8094988,normal
MAEU2767044,overstay
HDMU7196611,fast
MRKU8548100,normal
MSKU2330699,normal
COSU6426666,fast
HMMU6144044,fast
EISU6279055,fast
CCLU9642166,overstay
ZIMU7458399,extended
HMMU8302088,extended
MSKU1288499,fast
CGMU9757388,normal
CGMU8705099,normal
HLCU7889644,normal
CCLU7326499,extended
CMAU2583477,normal
EGHU1386277,normal
ZIMU8523899,normal
CMAU6078088,extended
MSKU3997999,extended
MRKU6296466,fast
MSCU1107244,overstay
MSKU1956333,normal
CCLU4086755,normal
HMMU7288277,normal
MRSU9307577,normal
HMMU3257188,extended
MEDU6836388,extended
MSCU2749288,normal
ZIMU2455688,chronic
HLCU3912244,fast
EGHU9922822,normal
CMAU7493055,normal
EISU5487299,extended
CCLU8978077,normal
MRKU1703622,normal
MSCU9244500,chronic
MRSU1163988,normal
COSU2076300,extended
KKFU1473011,normal
HDMU7580944,extended
MRSU1901433,fast
HLCU3744911,extended
KKFU6708211,chronic
ZCSU5741222,fast
HLCU3183333,normal
MSKU8964300,fast
HLCU4700888,normal
CMAU8625166,fast
HMMU5897344,overstay
CCLU2610644,normal
CGMU6085399,chronic
MSCU6165677,normal
HMMU2545477,fast
CCLU1136300,fast
COSU8987166,normal
EISU3763455,extended
CCLU3679377,normal
MRKU4770222,normal
ONEU9649333,normal
CCLU4460511,normal
MSKU1911511,extended
MRSU7125344,normal
HLXU5937877,normal
MSCU2939566,normal
CCLU4305144,normal
CMAU1540900,fast
COSU4534744,fast
HLCU7390455,extended
CGMU8374755,normal
EGHU8372055,extended
MRKU7887022,normal
ZIMU7578377,fast
CGMU3463888,fast
ZCSU5362422,normal
MRKU5367500,fast
COSU4550133,normal
ZCSU6237933,overstay
CCLU6283899,overstay
CGMU5945222,normal
MSKU9149999,normal
EISU6660111,normal
COSU7228066,normal
MRSU6289488,normal
EISU4354077,chronic
MAEU2397300,extended
ZCSU9313533,normal
MEDU6305900,normal
MSKU5317911,extended
ZIMU3877299,normal
HMMU3084533,normal
MSKU4936666,normal
MRKU7275555,normal
CCLU3791311,extended
MRKU9184644,normal
ONEU4778277,normal
COSU5392611,normal
MSKU4197499,overstay
CGMU1123311,fast
ZCSU8184044,normal
MAEU4863588,overstay
MSKU8145100,fast
MRSU1596044,overstay
HLXU5444266,normal
CCLU7326499,extended
ZIMU4727099,fast
MRKU4328799,normal
COSU1422555,normal
MAEU4989211,fast
ZIMU3062022,normal
ONEU3815388,fast
HLXU5764577,fast
EGHU6671711,normal
MSCU1943799,normal
MSKU1485600,extended
KKFU4269011,normal
HMMU3405866,extended
ZIMU9285688,normal
CMAU6929966,normal
MSKU4079411,normal
CMAU8568200,extended
EISU4481466,normal
MEDU3201777,normal
KKFU1790544,fast
ZCSU5407733,fast
ZCSU7442588,normal
HDMU5026322,normal
MSKU9026244,normal
MSKU9759299,extended
CCLU5020722,normal
ZIMU4608955,normal
ONEU2325500,normal
HMMU7469899,normal
HDMU8515711,fast
MRSU2310977,fast
EISU3375199,normal
HMMU7200422,fast
COSU2494544,normal
MSCU7039844,normal
CGMU6284711,extended
ZIMU4353033,normal
ONEU5918488,extended
ZCSU2067833,normal
EISU1833311,extended
MAEU8830522,extended
CGMU9900933,fast
CMAU7925077,fast
MSKU5820766,normal
CGMU4116933,normal
HDMU1766299,extended
CGMU7205244,overstay
HLCU3513399,normal
HLXU8761544,normal
MSKU8582377,fast
KKFU2260522,normal
HDMU1091888,fast
ONEU2713388,normal
EISU8417355,normal
MRSU3738122,overstay
ZIMU2736644,normal
HLXU5147966,normal
ONEU1295922,normal
EISU5009911,normal
MRKU8662644,normal
HDMU2978355,normal
HLXU6226444,fast
HLXU3287344,extended
EGHU5219744,extended
HDMU1924766,fast
HLXU2678255,normal
MSCU6963811,normal
CGMU1423888,overstay
MSCU7788466,normal
MSKU8992277,extended
MSCU5382277,normal
MRSU3923500,extended
MSKU6420099,extended
EGHU9847422,normal
CMAU8260944,normal
MRSU9684488,normal
CCLU7647333,overstay
MAEU1443244,normal
MSCU6785733,extended
CGMU8037966,overstay
EGHU4283822,normal
ZCSU1592700,extended
MRSU3671111,normal
MAEU2146066,normal
ONEU6462155,extended
MSKU3707611,extended
ZIMU6975833,normal
ONEU3236411,extended
MSKU9156977,normal
HLCU1921755,normal
MRSU2024400,extended
MRKU9863244,chronic
HLXU7392288,normal
ZCSU2832888,fast
ZIMU4570433,normal
MSKU6191700,normal
ONEU2726033,overstay
CGMU7393977,normal
MSKU7331400,normal
MAEU1675566,normal
MSKU7963800,normal
HDMU5395388,normal
COSU1618222,normal
ONEU5236144,normal
EGHU2707066,normal
MSCU6980244,overstay
CMAU1791777,extended
MSKU8981488,normal
CMAU3193111,extended
ONEU2219922,fast
MEDU8698911,normal
CGMU3075644,normal
MEDU3523366,fast
HLCU1148944,normal
HMMU2090744,normal
CMAU5146100,fast
ZIMU4890866,extended
MSKU5722022,normal
MSCU4477866,fast
MEDU2246233,normal
CCLU9732477,overstay
MRSU3092133,normal
MEDU7319822,fast
HMMU2641544,overstay
MSKU8077144,normal
CMAU8341433,normal
HMMU4050822,overstay
CCLU6837933,fast
CCLU3784466,normal
COSU5761266,normal
COSU5847866,normal
HMMU6075255,normal
MAEU7809455,normal
EISU5905855,chronic
HLCU9212088,extended
MEDU1301711,normal
COSU5607333,extended
HDMU3256633,normal
MEDU2608766,normal
EGHU5581844,extended
HLXU5239911,normal
HDMU8966755,extended
MRSU6430744,fast
ZIMU9892088,overstay
CGMU9797655,fast
EISU9734522,normal
MSCU5562244,normal
MSKU5721933,normal
ONEU1842811,normal
EGHU3095700,normal
EGHU8245100,normal
CGMU9154400,normal
KKFU9567977,fast
CMAU1535144,normal
EGHU1471900,overstay
EISU5183566,fast
HMMU7773966,extended
MRSU6548000,fast
MSKU3154711,normal
MAEU8449800,fast
MRKU9541277,normal
HDMU2768122,overstay
ZCSU7985277,normal
MSCU8898344,fast
EGHU6461988,normal
MAEU5377499,normal
MRKU3264799,normal
EGHU9326100,normal
MSCU4204755,normal
MRSU9422822,extended
HLCU1118088,overstay
MEDU4829011,normal
KKFU6554599,fast
MSCU8532577,normal
EISU2336677,normal
MAEU3753766,normal
ZCSU3753644,fast
CGMU5428344,extended
MSKU9906244,extended
HLCU6602622,normal
MRKU5151544,normal
COSU8987166,normal
MEDU4020155,normal
MAEU3286777,extended
ZCSU4371400,extended
MSKU1801944,chronic
CGMU7140144,normal
EISU3954655,normal
ZCSU1449322,fast
MSKU2374388,normal
CMAU8991322,extended
MRKU4597655,extended
EGHU8051099,fast
HLXU2638322,normal
HLCU4495777,fast
CCLU8510188,chronic
CMAU7506144,extended
ONEU2547544,normal
EGHU6968166,overstay
ONEU5676922,normal
MEDU4041055,normal
MRKU3787733,extended
MAEU1241233,fast
HDMU2093677,fast
MAEU2209655,chronic
CMAU8287055,normal
MSCU9392899,fast
MSKU7705677,normal
ZIMU3578900,normal
MSKU7594944,fast
MEDU1547266,normal
MSKU2960677,fast
MRSU6989599,extended
ONEU8920544,extended
CGMU2555155,normal
MSKU3565122,normal
EISU2126711,extended
MEDU9436788,extended
MRKU1702433,overstay
ZCSU4932411,overstay
ZCSU7316000,normal
CGMU2265388,normal
ONEU3230444,normal
MEDU9371100,extended
COSU8754833,extended
MRSU9980688,normal
MEDU1415222,normal
MEDU6269277,normal
COSU3653799,normal
MAEU2133233,fast
MAEU1162055,normal
CMAU5623400,extended
HLCU3555999,normal
MEDU1064699,normal
ONEU6925955,extended
MSCU2036777,normal
ONEU6438988,normal
MSKU5637944,normal
ZIMU8297855,extended
HLXU5588799,normal
CCLU5955799,normal
MAEU7865488,normal
HLCU3835555,overstay
ZIMU1634244,fast
HLXU1612388,normal
MSCU9249100,overstay
HLCU5061455,overstay
HDMU3060633,fast
MRKU5007388,fast
EISU5097299,normal
ONEU5014422,extended
HLCU7333666,fast
EISU6504833,normal
MAEU4527011,normal
CMAU7242211,fast
MSCU4346466,normal
CGMU4415700,normal
MEDU5628388,normal
CGMU5410188,normal
HMMU8056522,fast
EISU6404622,normal
HDMU2036855,normal
HLCU8960522,normal
EGHU4042288,overstay
MSCU8257499,overstay
MSCU8130555,normal
EISU2116955,fast
MSKU2304033,normal
CGMU1728800,normal
HDMU8579211,extended
KKFU2255911,extended
MSKU5646144,normal
EGHU9934344,normal
HMMU4477277,normal
HLCU7926200,normal
MEDU3341333,extended
MSCU5962455,normal
MSKU4011622,normal
MAEU5550511,normal
CCLU7231511,extended
COSU2985299,normal
CMAU9314200,normal
KKFU6636244,chronic
ONEU4242166,extended
HLXU9476955,normal
MEDU3619211,extended
MRKU6599277,extended
ONEU5426866,normal
HMMU2868466,normal
COSU2750077,extended
CMAU2093855,normal
MRSU5113988,normal
HLCU2661155,fast
MSCU8066911,extended
EGHU3348599,normal
ZIMU4486411,normal
HDMU2976033,normal
ZIMU6750700,fast
MAEU6768066,extended
ONEU8598099,normal
HDMU1852399,normal
EISU5010477,extended
MSCU5348722,normal
EISU9645166,fast
HLCU3801433,fast
KKFU1793177,extended
MAEU5108300,normal
CMAU5098511,normal
EISU7328444,normal
MRKU4574211,normal
CGMU6660811,normal
HMMU4436533,normal
HLXU9699855,overstay
CCLU7543466,normal
HDMU9919288,normal
MSKU6442255,normal
MSKU7820522,fast
ZIMU1310799,fast
HLXU4262066,chronic
MSCU8837422,normal
MAEU2229555,normal
MSKU4151833,normal
COSU3117955,normal
MEDU1681299,normal
HDMU1499666,fast
MSKU4312455,normal
ZCSU6618744,normal
EGHU1748955,fast
ONEU6442433,fast
CMAU2431233,normal
MAEU7108133,extended
EISU3682577,fast
MAEU1310633,extended
CGMU2842333,fast
MRKU8805322,normal
CGMU7393977,overstay
ZIMU3774788,normal
MSKU6815888,normal
EISU1365955,normal
EISU7075922,extended
ZCSU1423377,fast
HDMU1891177,extended
MSKU1539533,extended
MAEU3429033,extended
MEDU2939044,normal
MRSU5095633,extended
KKFU5682011,normal
ZIMU2974555,normal
CCLU9031822,normal
ZIMU7993299,overstay
HLXU3835000,normal
MEDU1366022,normal
EISU3749288,fast
HDMU5087266,overstay
KKFU8728400,overstay
MRSU3915644,overstay
MSCU1750899,fast
HLCU2337700,normal
MSCU9945799,normal
MRKU3463811,normal
ONEU5467111,extended
CMAU8041677,extended
EGHU4003844,fast
MRSU3444922,normal
ONEU2399699,fast
KKFU7624133,fast
KKFU8761600,normal
MRSU2756799,normal
KKFU9956055,extended
MEDU7027666,extended
ONEU5278644,fast
HLXU8601511,fast
CMAU5545800,fast
MSKU5048544,extended
CMAU5357200,normal
MSKU7827988,normal
EGHU8087022,overstay
ZCSU4515755,normal
HMMU6761077,normal
COSU8246200,normal
ZIMU8434422,normal
HMMU7062988,normal
HLCU9534911,normal
COSU5422188,extended
ZIMU8458100,normal
ZCSU8592166,normal
CCLU1131711,normal
HMMU5249366,normal
CGMU3191755,extended
KKFU2690866,extended
MEDU2774522,normal
MEDU5457000,normal
CMAU2874622,fast
ZIMU7730399,normal
MSKU5098866,chronic
MRKU3066233,normal
EGHU4588899,fast
CCLU5522777,normal
ZCSU5858488,normal
MAEU3011999,extended
MEDU4213999,normal
MEDU3368888,normal
CMAU4914177,extended
MSCU6131722,normal
EGHU3091400,overstay
EGHU7480777,extended
EISU5224233,normal
MSKU4627522,fast
MSKU6644655,extended
CMAU2891499,overstay
HMMU6997600,normal
MSKU9823088,normal
CGMU2498155,fast
ZCSU6611888,extended
CCLU1871444,fast
MRKU6726099,normal
CCLU7701422,extended
MRKU5386844,normal
MEDU7952922,normal
MSKU6987900,normal
COSU3904699,normal
MEDU8356522,extended
MSCU4623566,normal
EGHU5547033,fast
HDMU9286711,overstay
EISU3240877,normal
ZCSU9949288,extended
ONEU3313066,extended
HDMU2747200,extended
MSKU1526566,fast
CGMU3456244,fast
MSKU7938366,normal
HMMU8399388,normal
HMMU2283955,normal
HMMU5514411,normal
ONEU1566999,fast
HMMU1884077,normal
MRSU8870377,overstay
EISU8658155,extended
HLXU4799666,fast
CMAU7598533,normal
MEDU3619211,normal
MRSU7267511,fast
MRKU9608422,normal
COSU5887411,extended
EISU9379377,fast
HMMU3309322,extended
CMAU3193111,extended
HDMU6523411,overstay
MEDU5039033,normal
ONEU5908166,extended
HMMU1530011,normal
CMAU8762400,chronic
ZIMU7599644,normal
EGHU4275122,extended
CMAU1735788,normal
MRSU7929888,extended
MAEU8058499,extended
MSKU8361699,normal
CCLU9399922,overstay
HMMU7263644,normal
ZIMU2249511,normal
MSKU6933544,normal
CCLU3072055,extended
HLCU2818666,fast
ONEU7327300,normal
MRSU9580288,chronic
EGHU9898722,extended
ONEU2432200,normal
MAEU9323499,overstay
EISU2767444,normal
HDMU6968300,normal
HLXU5923688,overstay
HMMU3431477,extended
ZCSU8108799,normal
MSKU7318933,normal
COSU8184666,normal
MSKU2430666,fast
ONEU5894844,extended
ZIMU9798477,extended
ZCSU3976611,normal
MSCU3729377,extended
MEDU9670177,extended
MAEU3441911,overstay
MRSU7783944,normal
ZIMU8027688,normal
HLXU5851588,normal
CGMU5537577,chronic
EGHU9470200,extended
MRKU1683500,normal
MRSU1235800,normal
CMAU9809899,normal
CCLU3398388,extended
HLXU1217300,fast
KKFU6768533,normal
CMAU8762400,fast
CGMU8844844,normal
HDMU2683422,extended
MRSU1845255,normal
KKFU5311611,normal
HMMU9849188,normal
KKFU9587177,overstay
ZIMU2074266,normal
MSKU3049488,normal
CCLU3552722,normal
MSKU3053199,normal
HMMU5564033,normal
MRSU2881611,normal
HLXU7159677,normal
MSKU8432211,normal
MSKU7861755,normal
KKFU6063188,extended
CMAU2653288,extended
EGHU1780477,extended
MSCU7749088,overstay
MSKU8143388,normal
ONEU9469766,normal
EGHU2443955,normal
EISU7524822,normal
HLCU5517600,normal
ONEU1234233,normal
MRSU8496644,extended
EISU5776900,normal
MRKU9464888,fast
CMAU1460999,overstay
MEDU8583899,normal
MRSU1363766,normal
CCLU2175755,normal
EISU1098088,fast
EGHU8037622,normal
HLCU9900033,normal
KKFU9318099,normal
CGMU7088766,normal
EGHU1223166,normal
ZIMU6728777,extended
EISU7369866,overstay
HDMU6521088,fast
MRKU4571111,extended
HDMU2212599,extended
ZCSU1442911,normal
COSU9993299,extended
HMMU6641622,normal
ZCSU5439099,normal
ONEU4149033,normal
MAEU5765666,chronic
HMMU8144688,fast
EGHU1349911,normal
EGHU7191444,normal
MRSU8272533,overstay
ZIMU3670733,fast
MRSU4779366,extended
MSCU7391655,normal
COSU4257500,normal
HLXU2007299,normal
ONEU2219922,overstay
MRSU9300700,normal
MSCU7292400,overstay
HMMU9722699,extended
ONEU5043433,normal
HLXU4038366,normal
HDMU2382155,extended
ZCSU1634899,overstay
HDMU2648533,normal
MEDU6954755,normal
MSKU8804599,fast
MSKU3065744,normal
MRKU1132977,extended
EISU4749099,normal
MSCU7579800,normal
MEDU5477599,normal
COSU6071999,normal
CCLU4126388,extended
MRSU6394799,overstay
HMMU7120099,normal
MSKU9840688,normal
ZIMU7766655,extended
MSKU9788833,fast
HDMU3961988,extended
MEDU5628833,normal
MSCU6251299,normal
COSU6241266,extended
CCLU5303299,normal
ZIMU3450488,extended
ONEU6195888,normal
COSU5862088,normal
HLCU3413077,normal
MSKU9138144,normal
HLXU7586988,extended
EGHU4312644,extended
CCLU5091255,normal
EGHU2970777,extended
ZCSU2724799,extended
MEDU6823200,normal
KKFU2701999,overstay
EGHU7163300,fast
ZCSU9875800,fast
ZCSU9094899,extended
MRKU9473011,normal
EISU7343199,fast
MSKU6717988,normal
HMMU1810099,normal
ONEU2771166,overstay
CCLU3622444,fast
EGHU1931455,normal
HLCU2200811,chronic
MSCU1151555,normal
EGHU8859166,fast
MRKU7585099,normal
MSKU7470888,normal
ONEU9868688,normal
HLCU3414077,extended
MSCU3432566,extended
EGHU9110866,normal
MRSU5135500,extended
HDMU5624844,normal
EGHU8761300,fast
HMMU2013255,fast
MAEU6814188,normal
EISU7075922,fast
MRKU2964077,normal
COSU1558144,normal
KKFU4043622,normal
ZCSU7923733,normal
HDMU2362844,normal
ONEU2713388,normal
ZIMU6732877,normal
HLCU3376755,extended
MRSU2313766,overstay
MSKU7234766,normal
ONEU3991411,extended
MRKU1698944,fast
HMMU1982922,fast
HMMU1312933,chronic
ZCSU8215444,fast
MSKU5752266,fast
CMAU6384388,normal
MRKU7988011,fast
HLXU9635133,fast
MAEU6268566,overstay
ONEU6681033,fast
HLCU5321166,extended
CCLU2921622,normal
MSKU6235211,normal
MSKU3184255,normal
EISU3096666,extended
HDMU8669022,normal
MSKU3295800,fast
MSKU6356288,normal
MSKU5057155,extended
MSKU9937322,normal
MSCU3384900,extended
CMAU6401899,extended
EISU3222533,extended
EGHU2209511,extended
HLXU5324433,extended
CGMU3565388,normal
MSCU8612799,normal
EISU2315199,fast
MSKU3618999,chronic
CGMU4270377,overstay
ZCSU3856022,normal
ZIMU8515333,overstay
MRSU9322333,normal
EISU2930355,fast
MSKU5383800,fast
MSKU9757855,normal
MSKU9874699,normal
ONEU7993066,extended
KKFU5386700,normal
KKFU6208777,extended
COSU5676477,fast
EISU8833600,fast
HMMU7085599,normal
EGHU3808433,fast
CMAU5208922,overstay
KKFU5720877,normal
HMMU9627444,normal
MSKU1618211,normal
HLXU3846799,extended
ZCSU1910055,normal
HLCU1874244,extended
MEDU1986777,normal
HMMU1584933,normal
MSKU8684099,fast
ZIMU3462311,fast
MSKU7793500,normal
CGMU6256166,fast
MRKU9493122,normal
MRKU7908677,normal
COSU4329444,fast
HLCU9384877,fast
EISU7623522,normal
MEDU7358688,normal
CMAU8669811,normal
CGMU5185522,normal
ONEU9596577,extended
EGHU4046844,normal
MSKU8457811,extended
COSU5969077,normal
MSKU4952000,extended
MSKU6536355,overstay
MSKU2847222,fast
CGMU3919966,normal
CGMU8953800,chronic
MEDU1807711,normal
CGMU2608266,extended
HMMU6312400,extended
HLCU2129888,normal
HDMU2258344,extended
ZCSU5688911,fast
EGHU5803322,normal
EGHU8169200,extended
HMMU7756344,normal
EISU3957044,normal
HMMU3599000,normal
EISU9963511,normal
HDMU7400966,normal
EGHU6550722,extended
MRSU1326599,normal
KKFU2877599,normal
CMAU6206888,normal
MRKU5864077,normal
MSKU1603199,extended
HLXU4118666,fast
MSKU2106911,fast
MEDU1681299,extended
CGMU9587633,normal
MEDU2118844,normal
ZIMU4735066,extended
MEDU7858822,normal
ONEU1178188,normal
MEDU2156866,extended
HMMU3946211,normal
HLXU5908699,normal
CCLU1097888,normal
MRKU7711855,extended
CMAU4895466,normal
HMMU5168988,overstay
CMAU2985744,overstay
HLXU6316555,extended
CGMU7204522,extended
MEDU6660700,extended
HLXU2110277,extended
MSCU4379633,extended
MSKU5282422,fast
HLCU6435211,overstay
MSKU4454166,overstay
MRKU1807744,normal
ONEU6951988,fast
MSCU8274933,normal
MRKU5329566,extended
ZIMU7489911,normal
CCLU2267288,normal
EGHU2523166,normal
HLCU8887644,normal
KKFU3773400,fast
COSU5081011,normal
HLCU1841699,normal
MAEU7764188,extended
ONEU1210200,normal
EGHU6521777,normal
MRKU2876777,overstay
ZIMU1305800,normal
COSU5788544,extended
MRSU8104166,extended
ZCSU1873188,normal
MAEU1548122,extended
EISU5060400,overstay
CCLU3865733,fast
ZCSU4732211,normal
MEDU1759477,fast
EISU7724499,normal
EGHU6927677,extended
EGHU8225822,normal
ZIMU9333488,normal
MEDU7424966,extended
MSKU2994077,normal
HDMU7515555,normal
ZIMU2169222,normal
ONEU5495677,normal
MRKU4949877,normal
ZCSU9815800,overstay
HLCU8397222,normal
MSKU4486655,normal
MRSU1817199,normal
HLXU4318344,extended
MSCU3202044,overstay
MSKU4313144,normal
EGHU3807699,normal
EISU2352599,normal
CGMU8529722,extended
KKFU9304199,fast
MSCU6794399,normal
ONEU7647199,extended
MAEU9429911,overstay
MSCU9232911,normal
EGHU3268388,normal
HMMU5778611,fast
EGHU6479100,extended
HLXU3137333,normal
ONEU4988455,normal
CGMU9918022,overstay
COSU5195333,normal
CMAU9480222,extended
COSU5287000,extended
MSKU9446733,normal
HDMU1891600,extended
MRKU8984011,fast
MRKU7278999,normal
MRKU5995222,normal
MSCU7767833,normal
MSCU3835544,chronic
ONEU6805244,normal
ZIMU7676455,fast
HMMU9601055,normal
HDMU8605433,extended
HMMU7217333,extended
ZCSU7545211,overstay
MSKU6967333,chronic
EISU3364844,normal
MEDU6882988,normal
CCLU1467422,extended
HMMU1474033,normal
ONEU4733655,normal
MSKU8406999,normal
EGHU9725677,normal
MSKU2919811,extended
HLCU1453511,extended
HMMU6100855,fast
MRSU5598722,normal
MSKU7615866,normal
MSKU3861288,normal
MSKU1468277,normal
MSCU1869888,normal
MSKU7615799,chronic
CMAU1599433,normal
ONEU2823733,fast
HLCU8522788,normal
HLCU6130444,fast
MAEU7425188,normal
MRSU2152122,normal
CGMU2252055,normal
ONEU1470433,normal
MRSU6251966,chronic
CCLU1138533,normal
ZCSU5546388,normal
HDMU9971188,overstay
HLCU4535599,chronic
MRSU3898633,normal
EGHU1049866,fast
EGHU7711888,normal
MEDU7440722,fast
ONEU8479200,normal
MRSU3268011,normal
HMMU6163833,normal
MSKU2670455,extended
ZCSU6843155,normal
HMMU2116677,normal
CMAU3788233,fast
COSU3466099,fast
CMAU4086622,normal
COSU7003355,fast
HDMU3802022,normal
HLCU9333455,fast
MRSU3138977,normal
HDMU8367277,fast
HMMU8648255,normal
MRKU2739944,fast
HMMU1251333,fast
KKFU1612477,normal
ZCSU3162144,extended
CGMU4596011,fast
EGHU8918966,extended
EISU4309855,overstay
CGMU3501199,extended
MSKU1650966,normal
CGMU6876755,fast
MSKU6924244,extended
EGHU6392422,chronic
MSKU5342800,normal
CCLU5404800,fast
COSU4486733,normal
CCLU5018622,normal
CMAU4010211,normal
HLCU7870544,normal
MSKU9067644,normal
EGHU4894188,extended
MAEU4341188,chronic
KKFU3400822,fast
KKFU2913199,normal
MRSU2135600,normal
ZIMU8250588,overstay
ZIMU2682144,fast
EISU1098088,extended
MRSU6265433,extended
CGMU1521011,extended
ZCSU8688977,normal
COSU6178566,normal
MSKU5510066,fast
MRKU2873477,extended
EISU4380377,extended
HLCU5191699,normal
ZIMU9997244,overstay
ZCSU1777911,fast
MRSU5925577,overstay
HDMU7580944,extended
EISU6399911,extended
HDMU8837022,normal
MEDU3238122,normal
MRKU6794566,normal
KKFU3653555,extended
ZIMU2148599,overstay
HLXU9360044,normal
HDMU9121377,normal
EGHU2088811,normal
EGHU1111300,normal
ZCSU7545211,normal
MSCU9069711,normal
COSU9257111,normal
ONEU3140255,fast
EISU2558088,extended
ZIMU6903688,normal
MSKU6282988,normal
MSCU7496177,overstay
MRKU1062111,extended
ZIMU1876422,fast
EISU8658155,chronic
KKFU9684788,normal
COSU1119855,normal
MSCU2266399,chronic
CCLU5746599,normal
CGMU9175233,fast
ONEU8520111,normal
KKFU5575033,normal
ZIMU5592088,extended
CGMU1423888,overstay
HLXU2600722,fast
HLXU3765700,extended
ZIMU4007199,extended
ONEU3406177,fast
ZIMU9241811,extended
COSU9100644,normal
CGMU4057588,normal
ZCSU2682066,normal
HLCU2381766,normal
HDMU6592588,fast
ONEU6536944,extended
EGHU7501600,overstay
HDMU7188344,extended
EGHU6902333,normal
MSKU5244977,fast
EISU2438433,fast
MSCU9244500,overstay
MSKU3227422,normal
CMAU9556355,normal
MSKU3731388,normal
MSKU8461177,normal
CMAU4529388,normal
CMAU6523755,normal
CGMU2178288,fast
COSU8234855,extended
MRSU6979766,extended
CCLU3048644,normal
COSU9826955,normal
HMMU2191800,normal
MRKU5200044,overstay
MEDU3820288,extended
ONEU6655588,extended
KKFU1961788,normal
MRKU3508699,normal
EISU7245111,extended
MSKU8901211,fast
ONEU3613322,normal
MRKU2069866,extended
EGHU9334944,normal
ZCSU3844922,overstay
EISU8324288,normal
COSU9347133,overstay
MRKU5631099,normal
MSKU9502300,extended
MRSU6068677,fast
CCLU3420500,extended
MAEU4325799,extended
HLXU3855699,extended
COSU8635944,normal
MSKU3071588,normal
COSU7001122,normal
COSU4904355,fast
HLXU4760233,overstay
COSU5914644,chronic
HDMU7515555,extended
HLCU8802499,normal
MRKU5797033,normal
HLCU9679644,extended
HDMU3738555,normal
HDMU8766722,fast
MSKU9412100,extended
CMAU7739500,overstay
MSKU7061055,extended
HLCU6455544,normal
HMMU9134411,normal
ONEU9352988,normal
HDMU1105266,chronic
CGMU5580099,extended
MRKU2789699,normal
ONEU4985333,extended
MRSU6734688,normal
HMMU4717100,normal
MAEU7438800,normal
MSKU7367911,normal
EGHU5339022,normal
EISU9157555,normal
MEDU4123122,normal
EISU2861188,extended
COSU8119900,normal
MSCU8097477,fast
CMAU1290633,overstay
MEDU1249977,extended
EGHU8225822,normal
MAEU5191211,normal
MAEU1672866,normal
ZCSU6470366,normal
MRKU5475922,normal
EGHU4897344,normal
ZCSU5448222,normal
HLXU1430055,normal
EGHU4696322,fast
EGHU6073100,normal
ZIMU1251466,extended
MSKU3170399,fast
COSU5455533,normal
MEDU3448677,normal
MEDU3471922,normal
MEDU2447944,extended
ZIMU1420666,normal
HDMU4065755,normal
ONEU7447733,normal
MSKU3492311,normal
ZCSU9884855,normal
HDMU4115822,extended
ONEU7270500,extended
MAEU5465222,normal
EISU8956311,fast
HLXU3550433,extended
MEDU6190344,normal
HLXU7848911,normal
HDMU1872999,normal
MRSU1967333,extended
MRSU8019577,normal
COSU4726633,overstay
KKFU1607911,normal
MRKU9394855,normal
KKFU2693011,normal
CCLU6789000,normal
MSKU3906177,fast
EGHU2616044,overstay
HMMU3779033,extended
MRSU5839722,normal
MSKU6713444,fast
HLCU4999277,normal
MSCU7570555,normal
MSKU5388755,fast
ONEU5216033,normal
HLXU5043077,normal
HMMU7855499,overstay
ZCSU4366177,overstay
KKFU3125455,normal
MEDU3493722,normal
EGHU2539844,normal
HLXU2311366,fast
CMAU6337044,normal
MRKU3047299,normal
KKFU1864588,normal
ZIMU9494355,fast
MSKU4647477,normal
ONEU2500000,normal
ZCSU8521577,fast
EGHU6475177,chronic
HDMU7192344,normal
MSKU5895011,extended
MRSU3911844,overstay
EGHU9449166,extended
MRKU9660066,normal
EISU1866522,normal
HMMU7136088,fast
HDMU1550711,normal
HLCU1252166,normal
MSKU9776222,normal
EGHU8029888,extended
MSKU7714299,normal
ONEU5475322,normal
CMAU6401422,normal
MSKU8307300,normal
HLCU1910933,normal
MRKU5176188,normal
MAEU5822866,fast
HLXU9360044,overstay
MEDU2774222,extended
CGMU8953800,extended
CMAU1536244,normal
MSCU5813355,fast
KKFU3900699,normal
CGMU1319144,normal
MSKU8839488,normal
COSU8528833,normal
MRKU5062477,normal
CGMU1319144,extended
EGHU2788400,extended
KKFU9411433,extended
EGHU9498044,normal
HMMU8839066,normal
COSU2539644,normal
EGHU8963677,normal
CCLU1120899,normal
MSCU6152211,normal
CMAU7884633,normal
ONEU7473177,normal
EISU1396266,extended
MSKU4151833,chronic
CGMU1490199,overstay
MSCU9607922,extended
HDMU1011799,normal
MEDU7263000,normal
KKFU7842311,extended
MSKU4957200,normal
ZCSU7022844,normal
ONEU9296300,normal
EGHU6774000,normal
CMAU4138844,extended
EGHU1083822,normal
MEDU9643922,normal
MSKU3567144,normal
MRSU5535733,extended
MSKU5383800,normal
MAEU5079833,overstay
CCLU5799188,chronic
EISU8225499,extended
CCLU6282677,normal
MRKU7089488,fast
CCLU3854222,normal
ZCSU2134311,fast
HMMU4801788,normal
KKFU4487299,fast
MEDU1807711,extended
MSCU4219400,normal
MRKU5407955,extended
HLCU8027455,normal
MRKU2790088,normal
MAEU8906611,extended
MRKU6264933,fast
MRSU8895355,extended
MRKU4654988,normal
MRSU5719499,fast
CMAU7260466,normal
MAEU7554155,chronic
MRSU4096300,extended
EGHU3442944,normal
MSKU8703477,normal
MRSU9105844,normal
KKFU8310155,fast
EGHU4012744,normal
EISU7022222,normal
HLCU6726599,extended
MSCU8424000,chronic
CCLU1808388,fast
CMAU9626899,normal
HLCU1874244,overstay
HMMU2706922,normal
MSCU5267588,normal
MSCU6158111,normal
MAEU4111066,fast
HDMU4272455,normal
CCLU7697822,fast
MSCU6299966,normal
KKFU2195466,extended
HLXU6434877,extended
CCLU4946122,normal
HLXU6516966,chronic
CCLU7929177,fast
HDMU8512877,normal
ZCSU5737577,normal
MSKU7039011,normal
MRKU4181877,normal
EISU5846622,chronic
CMAU7404655,overstay
HDMU4392022,normal
ZIMU5424055,extended
MEDU7491777,normal
CGMU5322022,normal
COSU8418800,overstay
HLCU3082077,extended
HLXU7265100,fast
MRKU8996788,fast
ZCSU1522455,normal
ZCSU4395377,normal
ZCSU6996100,overstay
CMAU8741911,normal
MRSU6478333,fast
COSU5325344,extended
HLCU2162211,normal
ZIMU8951566,fast
ZIMU5745322,extended
ONEU3284455,fast
ZIMU2236288,normal
HLCU9647866,extended
EGHU4256666,normal
MAEU5079833,normal
HDMU5797011,extended
MSKU6323144,normal
EISU4603988,fast
MEDU9229533,normal
MSKU1256855,normal
MRSU8794100,fast
HLXU3683144,normal
ONEU5265422,normal
MEDU6255277,normal
HLXU7583800,normal
EISU9000188,chronic
ZIMU9894855,normal
HDMU7514044,fast
MSCU6996277,extended
EISU4704222,normal
CCLU4649266,normal
CGMU3320000,normal
COSU9680544,extended
MSCU8668688,fast
EGHU7099677,normal
CGMU3778044,fast
CCLU7481566,normal
ONEU5363344,normal
CGMU2480866,fast
MAEU9800233,normal
MRSU9116122,normal
MSCU1858888,normal
MAEU6023766,normal
EGHU8817400,overstay
MSKU6970466,extended
MRSU9178455,normal
ZCSU6148577,fast
HDMU4442088,overstay
EISU3362388,normal
ZCSU8830200,normal
MRSU8083133,normal
MSKU3861288,normal
EISU1493599,normal
ZIMU4928288,extended
HLXU4916766,fast
KKFU8444844,extended
MRKU8293611,extended
MEDU8885166,fast
MSKU6143511,normal
ZIMU1191633,normal
MRKU5995222,normal
EGHU2124499,normal
HLCU3501788,fast
KKFU2983377,normal
KKFU1640077,extended
EISU9302166,fast
MEDU4203699,normal
CMAU4948155,fast
MSCU8727966,normal
MRKU8029500,extended
KKFU6593511,normal
HMMU2227333,extended
HDMU6425911,normal
ONEU7340333,extended
MRKU1642822,normal
EGHU4074266,overstay
MSKU2457888,overstay
MEDU5825766,normal
MSCU7514966,normal
MAEU7971833,extended
HDMU1105266,normal
ONEU4366433,normal
EISU5275866,extended
MAEU7472155,normal
CCLU1111344,fast
MSKU4258800,normal
ZIMU9356455,normal
MSKU8601211,normal
MRKU7821899,normal
MRSU2998555,overstay
CMAU4424366,fast
ZCSU7590266,normal
CGMU3282266,extended
EISU7907300,normal
EISU6080622,normal
MRKU6755099,fast
HMMU2188777,chronic
MRSU5758566,normal
ONEU5481033,normal
KKFU4980700,extended
CCLU4362711,normal
MRKU5756833,normal
MSKU3677411,extended
EGHU5537911,normal
COSU4159777,normal
HMMU7948266,normal
MRSU4611700,extended
EGHU8378044,extended
MRKU5372522,normal
MAEU6309800,extended
MSKU1194711,normal
EGHU4053844,normal
MRSU4945277,extended
KKFU6626922,extended
EISU3543111,extended
MAEU6486866,normal
COSU5122555,normal
COSU3633555,normal
HLCU6965355,extended
HLXU6278299,normal
CMAU5747499,fast
EGHU6322455,normal
CGMU1118166,normal
HDMU3726055,overstay
CGMU7995744,normal
MSKU3084644,normal
MRSU1319177,normal
MSKU4702488,extended
KKFU9264366,normal
CCLU4753411,extended
HLXU6067855,normal
EGHU1024377,chronic
HMMU8441766,overstay
CMAU2402233,chronic
MRKU4706244,fast
ZCSU8068611,fast
MSCU4499888,normal
EGHU7276100,extended
CMAU2047588,overstay
EGHU7649722,normal
EGHU4363922,overstay
HMMU7444088,fast
HMMU1592388,normal
ZCSU5562011,normal
ONEU1120544,extended
ZCSU4403433,extended
MAEU7705799,extended
CGMU1444722,extended
COSU6309222,extended
KKFU5199533,normal
ONEU6421899,fast
MRSU5897111,extended
KKFU8183133,normal
ZIMU4568088,extended
MAEU3917399,normal
MSKU8233855,extended
KKFU5746744,fast
CCLU2219577,normal
CGMU3091366,normal
CCLU7214655,normal
MEDU1752233,normal
ZCSU4395377,fast
MEDU5140988,normal
MEDU5237622,normal
MAEU5255522,normal
MRKU2374755,normal
MSKU7228611,normal
ZIMU4147899,fast
CMAU7341233,extended
MAEU7324500,normal
CMAU8324544,extended
ZIMU1743533,fast
KKFU2234811,fast
ONEU8130455,chronic
MSKU6347199,normal
MSKU5025033,normal
COSU7957400,normal
EISU4035400,normal
CCLU7484877,normal
CCLU8791522,fast
HLCU4216388,normal
CCLU3017311,normal
MRKU5801755,extended
HDMU7231211,extended
MEDU8397433,fast
MSCU7598122,extended
COSU7965222,normal
MSKU2971011,overstay
CMAU8464266,overstay
ONEU2178988,overstay
MSKU6031844,normal
MSKU6161322,normal
CGMU5136099,fast
HMMU9129199,extended
MSKU9087911,normal
CGMU5293044,normal
MRKU8662644,overstay
KKFU6328244,extended
ONEU9609666,normal
MAEU8014699,normal
MAEU3381700,extended
CGMU6633588,normal
HDMU3363477,chronic
EISU9502266,extended
MSKU6624055,fast
CMAU5635277,normal
EGHU9960755,normal
ZIMU2300577,normal
ONEU8363388,fast
CMAU4594666,overstay
MAEU4813700,extended
EGHU9317944,normal
HLCU1526233,extended
MAEU5489655,fast
EGHU7480933,fast
MRSU6214388,normal
CMAU6747399,fast
EISU5060400,normal
MRKU5837355,extended
MSKU1080555,normal
ZIMU5700233,normal
ZCSU8592166,extended
HDMU5805822,extended
HLCU5621788,normal
ZIMU5120888,normal
EGHU3781277,overstay
HLCU1797988,normal
CCLU4088088,normal
MSKU3194011,normal
CMAU6716611,normal
MAEU9187511,normal
HLCU4111233,extended
ONEU5894844,normal
CGMU5827255,extended
MAEU2838322,normal
CGMU9197866,normal
EISU3375199,extended
MEDU3756999,normal
MSCU7992399,overstay
ZCSU1468266,normal
HLXU5240822,fast
CCLU4293488,fast
MRKU5689644,fast
CCLU5425099,normal
EISU8592422,fast
ZIMU9211766,normal
ZIMU7522811,normal
CCLU9039611,normal
CMAU5239055,extended
KKFU6542777,chronic
EISU8585866,fast
HMMU3181822,extended
EGHU4220077,extended
MSKU2437488,extended
HLCU3762911,normal
ZCSU5376333,normal
HMMU8468699,extended
MSKU8044422,normal
MSKU2697855,normal
MEDU1169144,normal
CGMU3320000,normal
MSKU2793155,normal
MEDU7002400,normal
KKFU6024755,extended
MRSU3034011,normal
MRKU2405588,normal
CMAU8845744,extended
ZCSU3935655,normal
CCLU5606966,overstay
CGMU8901466,overstay
ZCSU1218844,normal
MEDU6949399,normal
EISU3484899,normal
CMAU1896022,normal
EGHU6929411,extended
ZCSU8657877,normal
MAEU8257088,normal
HMMU2817999,extended
COSU8147211,extended
KKFU2650100,overstay
HDMU1011799,extended
HDMU4781655,overstay
ONEU4513300,normal
CCLU9357222,extended
HDMU5901599,normal
KKFU7236244,normal
MSKU2536344,normal
KKFU2975433,fast
MAEU9304077,normal
ONEU8650455,normal
EGHU2767399,overstay
EGHU1483177,overstay
CGMU6586811,chronic
MEDU7757255,extended
COSU8119900,overstay
HLCU4205266,chronic
HLCU7220977,overstay
EISU6299788,normal
MSKU1883755,normal
MSKU4140966,normal
MEDU2956599,normal
HMMU1133166,normal
ZIMU8311288,normal
HDMU6335899,normal
MAEU3618722,extended
EISU7717899,extended
ZCSU5712333,overstay
CCLU3279511,overstay
HLXU9633511,overstay
ZCSU5763011,fast
MRSU4022600,fast
KKFU2877599,fast
MRKU1703622,fast
MRSU9118222,fast
ZCSU4352600,extended
COSU3945299,extended
HMMU2087055,chronic
MSCU6723266,normal
CCLU6766911,normal
MSKU3730755,fast
ZCSU9030688,normal
EGHU6169799,fast
MAEU4573466,fast
HMMU1892666,normal
COSU7885399,extended
EISU9504700,extended
MEDU5060699,extended
ZCSU2785488,normal
MAEU4166455,overstay
MAEU5083033,normal
CMAU1014488,fast
MSKU9025133,normal
HDMU7753099,normal
HMMU8466388,normal
MAEU5961900,overstay
MSKU7203811,normal
MSKU7377444,normal
EISU1113899,normal
HMMU9644522,normal
KKFU3054233,normal
COSU9432177,normal
EGHU8661566,normal
ZCSU7783766,fast
MRKU1086966,overstay
MSCU9593511,normal
ONEU2932344,extended
COSU6466855,overstay
MSKU6712455,normal
EISU1488433,normal
EGHU4794788,normal
ZCSU6008377,extended
HMMU8158911,normal
MRKU2846811,extended
HLXU3732777,extended
MRSU7767333,extended
CMAU1114455,extended
CMAU6127400,fast
CMAU5460299,normal
HDMU7312144,extended
MSKU5201166,chronic
ZIMU6947933,overstay
MRKU4654988,chronic
HLCU9324277,normal
MEDU6037677,chronic
CGMU2189644,extended
COSU7121955,fast
ZCSU7931400,normal
MEDU3281466,normal
CGMU1445388,normal
ZCSU9681255,extended
ZIMU4443199,normal
COSU6373944,fast
HLCU7002355,extended
EISU5637011,extended
HLCU4348266,normal
HLXU5984233,extended
HLCU6831111,extended
ZIMU8526655,normal
MEDU5997877,fast
CGMU6119666,normal
COSU4128300,extended
ZIMU7950188,overstay
COSU2100488,fast
ONEU7327877,extended
HLXU8613300,normal
MEDU1249977,fast
CMAU2366600,fast
EISU4605188,normal
ZIMU3511600,fast
EGHU6636677,normal
HMMU2483233,normal
MAEU2259033,normal
MSCU1425599,normal
ZCSU4810544,normal
COSU3117955,normal
HMMU1048699,extended
MAEU1177833,normal
MSKU8366877,extended
EISU7762511,normal
MSKU9787344,fast
EISU9527144,overstay
MEDU3201777,fast
ZCSU2972733,overstay
CCLU9238366,extended
MSKU5049899,normal
MEDU6626599,normal
EGHU3895111,fast
EISU4006299,normal
ZCSU7312300,normal
HLXU3013211,extended
CCLU3854222,overstay
MSKU1300544,normal
MEDU6037677,fast
MSKU6282988,extended
HLCU1109588,fast
MSKU6269122,extended
EISU1854577,normal
ZCSU5731399,extended
MSKU7938366,overstay
ZCSU9534277,normal
ONEU1752900,normal
HDMU6451844,normal
MSKU2278922,extended
MSKU3774700,normal
HLXU3794311,normal
MRSU1401733,fast
KKFU7719177,normal
ZIMU1687700,normal
HDMU5632011,normal
MAEU3983577,normal
KKFU8444844,extended
ONEU4482133,extended
EGHU5954022,chronic
MSKU9539511,normal
HLXU8382666,extended
MAEU7062111,normal
HLXU9747633,normal
KKFU3858000,fast
EISU4346200,fast
ONEU4492900,normal
MSKU9754355,normal
HLXU6722311,normal
CGMU7709099,normal
MSKU7940077,normal
ONEU9565144,normal
ZIMU8301033,normal
CMAU1467255,extended
MRKU6441677,normal
MSKU3083166,normal
EGHU2707066,extended
COSU7441255,normal
MSKU3368033,normal
EGHU7480777,fast
COSU6356122,normal
ZCSU6189899,extended
MAEU6117066,normal
MSCU6907166,extended
MSKU9363377,normal
ZIMU7014844,normal
HLCU8643400,normal
MSKU8800977,normal
MSKU6785277,fast
MSKU6230244,normal
MSCU4370466,normal
HLCU8615200,overstay
MSKU2608200,normal
CGMU1213088,extended
CGMU6135333,normal
MAEU4664100,normal
MEDU8193599,normal
ONEU3730200,normal
HLCU2277088,chronic
ONEU7141699,normal
HDMU8453933,extended
CGMU3341266,normal
EISU7439833,normal
CGMU2938755,normal
MRKU4763222,normal
CCLU2694611,fast
MRKU8113988,normal
MAEU2738399,normal
CGMU2112111,extended
MRSU3769188,extended
HMMU5896888,extended
MRKU9145722,normal
ONEU9220777,normal
EISU5244299,extended
MEDU9596166,fast
EISU1152111,extended
MRKU8880111,chronic
HDMU9764788,normal
CMAU3145122,fast
MEDU4593766,normal
KKFU9926022,extended
CMAU4570888,normal
MEDU4750233,normal
ONEU6383511,normal
MRSU3292144,normal
COSU9223444,normal
HLXU7245999,normal
HDMU3384688,normal
MSCU6814288,fast
ZCSU5394966,overstay
MSKU9653188,normal
HLCU7359488,fast
EISU4230777,normal
KKFU6026077,fast
CCLU1492622,fast
MRSU1072811,normal
COSU8106655,normal
MRKU7908677,chronic
MAEU2334933,fast
MRKU9240677,normal
MRSU7766511,normal
MAEU6113844,normal
HDMU7774755,extended
EISU4920433,fast
MRSU1161155,normal
MRKU6320300,normal
MAEU2133233,normal
MRKU3514155,extended
MSCU9969866,fast
EGHU3758999,extended
MRKU1737000,extended
HLXU9837966,fast
KKFU2393555,extended
ZIMU1602600,normal
MRKU6229244,fast
CGMU8448766,normal
MEDU3589811,overstay
KKFU6942988,normal
MAEU8260311,normal
HLXU9912344,overstay
COSU9257111,fast
HLXU9380700,normal
KKFU4977777,normal
HLCU3892000,normal
ONEU2108544,normal
CCLU8077911,normal
ZCSU3882444,normal
ZCSU3388844,extended
KKFU5982711,normal
MAEU1162055,normal
ONEU8361011,normal
CCLU6770477,normal
KKFU2999688,normal
MRKU7436688,fast
MSKU5226277,extended
CMAU8826822,overstay
HLCU8988888,fast
ONEU1296588,normal
MSKU9993944,extended
HLXU4098999,normal
MRSU6781755,normal
ONEU2794499,normal
HMMU3626755,normal
EISU2189999,normal
KKFU1550811,normal
EGHU6243911,extended
MRKU9007666,extended
KKFU2408500,fast
CCLU2992244,fast
MSKU5686833,normal
CMAU4824166,extended
MSCU8600711,fast
EGHU6388677,fast
HLCU3510522,extended
ZCSU8254855,normal
MRKU5973499,normal
EISU8875144,overstay
CCLU6332544,normal
ZCSU7640288,normal
HDMU7937500,extended
EISU9715133,normal
ZCSU2008655,extended
MAEU7727688,normal
MRSU9581811,normal
MRSU3001844,extended
MRKU1840533,chronic
MEDU9041022,extended
HDMU3717899,normal
HLXU6770033,fast
EGHU3647255,extended
CCLU4639200,fast
HDMU6360899,normal
ONEU5553999,normal
MRKU8851566,normal
MAEU1597955,fast
CGMU1426288,extended
HMMU9187077,normal
HLXU8225511,extended
EISU6646766,normal
KKFU5805933,normal
MRKU2522288,chronic
CMAU7077055,normal
ONEU1745911,overstay
MRSU5202655,normal
ZIMU8702844,normal
MEDU4562388,fast
CGMU2196355,normal
MSCU2771811,normal
KKFU1049477,normal
MAEU6031222,normal
EGHU3705644,overstay
EGHU2403666,extended
MSKU9902133,extended
HMMU8568200,extended
MRSU4799599,fast
MRSU3048311,normal
MRKU4016622,extended
MSKU1801944,normal
HDMU1509044,normal
HLXU2800533,chronic
MSKU3935400,extended
MSKU3628899,extended
ZCSU7402799,normal
ONEU9927788,fast
CCLU7272811,extended
HLXU7889088,normal
